Country Name,Año,Migración neta,Desempleo,PIB per cápita (US$ a precios actuales),hdi,Esperanza_vida,Año_prom_esc,PBI_per_cap_aj
Argentina,1990,6021.0,,4330.96745108666,0.723,71.7837,8.126089428,13597.68636
Argentina,1991,-8569.0,5.44,5730.72380988423,0.73,72.319,8.192950249,14803.99888
Argentina,1992,-13201.0,6.36,6815.33162293557,0.735,72.4295,8.260361195,15940.72602
Argentina,1993,-16383.0,10.1,6957.41749889251,0.739,72.5646,8.327772141,17132.68448
Argentina,1994,-18725.0,11.76,7464.4747368819,0.744,73.1725,8.395183086,17874.84399
Argentina,1995,-19736.0,18.8,7383.70450960064,0.745,73.1333,8.462594032,17091.77126
Argentina,1996,-20396.0,17.11,7690.15700254783,0.751,73.3066,8.530004978,17782.84547
Argentina,1997,-20588.0,14.82,8176.77119517435,0.756,73.0899,8.597415924,18984.60422
Argentina,1998,-20331.0,12.65,8250.67317414321,0.762,73.4737,8.66482687,19427.08332
Argentina,1999,-20220.0,14.05,7735.32208018486,0.773,73.7219,8.732237816,18535.78094
Argentina,2000,-22770.0,15.0,7666.51783423783,0.779,73.926,8.799648762,18180.44981
Argentina,2001,-22787.0,17.32,7168.97587232911,0.784,74.1864,8.867059708,17153.2977
Argentina,2002,-22668.0,19.59,2579.48876933284,0.785,74.408,9.391139984,14727.85071
Argentina,2003,-22353.0,15.36,3333.15290388997,0.793,74.0801,9.915220261,16057.21074
Argentina,2004,-22336.0,13.52,4258.16026060875,0.798,74.8549,10.00709343,16058.54354
Argentina,2005,-21961.0,11.51,5086.62776073134,0.802,75.1388,10.0989666,17271.06449
Argentina,2006,-19958.0,10.08,5890.97800169795,0.814,75.4326,10.19083977,20131.40256
Argentina,2007,-18051.0,8.47,7210.59554755899,0.817,75.0057,10.29859972,21872.98639
Argentina,2008,-12450.0,7.84,8977.50685093365,0.825,75.6411,10.40635967,22558.47112
Argentina,2009,-7869.0,8.65,8184.38988923991,0.827,75.9359,10.54321003,20884.44997
Argentina,2010,-4970.0,7.71,10385.9644319555,0.834,75.7208,10.59963989,22734.96712
Argentina,2011,-1011.0,7.18,12848.7404762598,0.841,76.124,10.69979,23944.3551
Argentina,2012,3127.0,7.22,13082.664325572,0.843,76.4669,10.78507042,23557.51314
Argentina,2013,5369.0,7.1,13080.2547323367,0.845,76.4908,10.89459991,23915.41972
Argentina,2014,5801.0,7.27,12334.7982453893,0.846,76.7549,10.90851021,23087.86964
Argentina,2015,5522.0,7.524,13789.060424772,0.848,76.7602,10.91755009,23508.76738
Argentina,2016,5215.0,8.109,12790.2640639201,0.847,76.3077,10.92819023,22694.2851
Argentina,2017,4926.0,8.35,14613.035714704,0.851,76.833,11.01644516,22996.67142
Argentina,2018,4690.0,9.22,11795.1628852236,0.85,76.9994,11.10470009,21924.73119
Argentina,2019,4478.0,9.84,9963.67423069626,0.852,77.2845,11.14726927,21197.74104
Argentina,2020,2344.0,11.46,8496.428156755,0.84,75.8921,11.14726927,19178.33184
Argentina,2021,2344.0,8.74,10636.1155301986,0.842,75.3899,11.14726927,20925.26814
Antigua y Barbuda,1990,-1145.0,,7255.40630322086,,73.4922,,13560.30944
Antigua y Barbuda,1991,223.0,,7569.96900096501,,73.4354,,14154.41386
Antigua y Barbuda,1992,405.0,,7721.76311853696,,73.4168,,14185.23142
Antigua y Barbuda,1993,484.0,,8129.14412118471,,73.4819,,14895.35744
Antigua y Barbuda,1994,513.0,,8788.01332343794,,73.5912,,15516.76116
Antigua y Barbuda,1995,528.0,,8440.03452559258,,73.6363,,14501.13254
Antigua y Barbuda,1996,478.0,,9079.48121192054,,73.8291,,15209.58976
Antigua y Barbuda,1997,493.0,,9556.83280236062,,73.9603,,15843.65803
Antigua y Barbuda,1998,465.0,,10029.4777498107,,74.0413,,16310.15498
Antigua y Barbuda,1999,390.0,,10379.1604015118,,74.3467,,16557.38996
Antigua y Barbuda,2000,271.0,,11010.1974601342,,74.6058,7.026353,16065.83719
Antigua y Barbuda,2001,148.0,,10502.9388110146,,75.0781,8.911,15678.54545
Antigua y Barbuda,2002,51.0,,10549.6661892802,,75.5357,8.962747824,15586.60406
Antigua y Barbuda,2003,41.0,,10968.8926839103,,75.4778,9.014495648,16396.23817
Antigua y Barbuda,2004,101.0,,11650.8484770858,,75.6721,9.066243472,16972.51905
Antigua y Barbuda,2005,202.0,,12808.0101536637,,75.8254,9.117991296,18213.73908
Antigua y Barbuda,2006,314.0,,14310.6862347854,,75.7647,9.169739121,20253.5277
Antigua y Barbuda,2007,372.0,,16006.1361107498,0.802,76.1311,9.221486945,21792.18713
Antigua y Barbuda,2008,369.0,,16457.1040632589,0.801,76.4103,9.273234769,21504.71644
Antigua y Barbuda,2009,338.0,,14530.5986896353,0.795,76.6694,9.324982593,18698.75383
Antigua y Barbuda,2010,295.0,,13404.5160161036,0.79,76.8195,9.2361755,17233.05965
Antigua y Barbuda,2011,247.0,,13117.1469408968,0.783,77.1038,8.99,16539.63424
Antigua y Barbuda,2012,203.0,,13686.4765853976,0.787,77.3502,9.03495,16745.79664
Antigua y Barbuda,2013,156.0,,13350.149136673,0.787,77.5834,9.08012475,16722.97555
Antigua y Barbuda,2014,108.0,,14004.8112122163,0.789,77.8577,9.125525374,17119.31079
Antigua y Barbuda,2015,60.0,,14861.8827074704,0.791,77.9127,9.171153001,17679.66135
Antigua y Barbuda,2016,16.0,,15862.6516627488,0.794,78.1516,9.217008766,18421.76805
Antigua y Barbuda,2017,0.0,,16110.31239978,0.795,78.2683,9.263093809,18775.95101
Antigua y Barbuda,2018,0.0,,17514.3558637327,0.798,78.5112,9.293740746,19857.12506
Antigua y Barbuda,2019,0.0,,18187.7797117112,0.8,78.6912,9.293740746,20600.95888
Antigua y Barbuda,2020,0.0,,15284.7723835378,0.788,78.8406,9.293740746,16265.29515
Antigua y Barbuda,2021,0.0,,16740.3481963818,0.788,78.4968,9.293740746,16792.36595
Bahamas,1990,241.0,,11696.5113658614,,70.1331,10.01280022,36393.867
Bahamas,1991,416.0,12.17,11269.9505176448,,69.6157,10.11538124,34188.60611
Bahamas,1992,436.0,14.81,11025.8783642405,,70.6679,10.21796227,33169.54419
Bahamas,1993,448.0,12.72,10730.0009716689,,70.6559,10.32054329,32220.53644
Bahamas,1994,458.0,13.83,11085.1471273516,,70.8507,10.42312431,32643.14922
Bahamas,1995,463.0,10.83,11447.0178999446,0.781,70.7628,10.52570534,38786.12237
Bahamas,1996,457.0,11.46,11835.386789885,0.787,70.7101,10.62828636,42678.66489
Bahamas,1997,448.0,9.76,20415.7061749809,0.784,71.0541,10.73086739,36785.57838
Bahamas,1998,442.0,7.65,21665.3878591494,0.785,71.4558,10.83344841,34590.18534
Bahamas,1999,426.0,7.45,23991.7008043163,0.794,71.7709,10.93602943,38865.67228
Bahamas,2000,843.0,7.196,24849.6064784902,0.799,72.0411,11.03861046,39901.26785
Bahamas,2001,293.0,6.87,25234.1441512502,0.801,72.1101,11.1210104,40073.99923
Bahamas,2002,634.0,9.05,26590.1401788013,0.804,72.2316,11.20341034,40554.62262
Bahamas,2003,951.0,10.84,26204.8804986853,0.805,72.402,11.28581028,39519.27671
Bahamas,2004,1031.0,10.2,26393.4139538137,0.807,72.478,11.36821022,39247.84764
Bahamas,2005,800.0,10.2,28280.870835298,0.811,72.7654,11.45061016,39692.55098
Bahamas,2006,1737.0,7.54,28829.8493750425,0.813,72.855,11.5330101,39840.39471
Bahamas,2007,1728.0,7.88,29687.865215033,0.812,72.6785,11.61541004,39614.97103
Bahamas,2008,1476.0,8.18,29013.6302870767,0.812,72.6671,11.69780998,38684.88747
Bahamas,2009,1617.0,14.25,27120.6905452145,0.81,72.5794,11.78020992,36134.3892
Bahamas,2010,1899.0,14.321,27046.6576651879,0.812,72.7314,11.86260986,35920.83007
Bahamas,2011,1384.0,14.52,26644.9265775896,0.812,72.5638,11.94677192,35756.02322
Bahamas,2012,1048.0,14.02,28059.6553953426,0.815,72.7528,12.03153108,36161.31277
Bahamas,2013,1001.0,16.18,27389.6019706988,0.816,73.0237,12.11689158,34438.39196
Bahamas,2014,1001.0,13.8,28720.6621934516,0.82,73.3658,12.20285769,34482.273
Bahamas,2015,1001.0,12.0,29724.9533355233,0.82,73.104,12.28943371,34554.60314
Bahamas,2016,1001.0,12.7,29675.5358910641,0.823,73.5368,12.37662396,34055.54939
Bahamas,2017,1001.0,9.8,30708.9870181946,0.825,73.6317,12.46443281,34332.57146
Bahamas,2018,1001.0,10.0,31483.9788408235,0.827,73.8057,12.55286464,34103.97568
Bahamas,2019,1001.0,10.051,32279.0113630465,0.816,71.205,12.64192386,34676.98987
Bahamas,2020,0.0,12.867,23998.2680191207,0.815,72.6766,12.64192386,29190.8387
Bahamas,2021,485.0,11.665,28260.4325506367,0.812,71.5983,12.64192386,30486.18429
Belice,1990,-1793.0,,3009.49126179562,0.593,70.7437,5.451236009,4743.719883
Belice,1991,-1698.0,9.73,3212.45079426371,0.6,70.2484,5.618259907,5186.014425
Belice,1992,-1635.0,9.716,3644.26507758843,0.608,69.9793,5.790401357,5673.896736
Belice,1993,-1525.0,9.78,3867.60532915845,0.614,69.9882,5.962542806,5904.410378
Belice,1994,-802.0,11.1,3888.29529876623,0.618,70.3164,6.134684256,5722.466023
Belice,1995,273.0,12.48,4021.00650435261,0.62,69.8874,6.306825706,5653.391991
Belice,1996,1358.0,13.82,4057.85360274495,0.623,69.8058,6.478967156,5530.133994
Belice,1997,2070.0,12.68,3997.84448016507,0.625,69.2118,6.651108606,5560.387565
Belice,1998,2152.0,14.31,4063.90196836915,0.626,68.5988,6.823250055,5485.373795
Belice,1999,1963.0,12.84,4189.35002771416,0.633,68.7734,6.995391505,5709.69359
Belice,2000,1678.0,10.869,4642.1470345998,0.64,68.5645,7.167532955,6172.05154
Belice,2001,1912.0,9.07,4687.62595727529,0.643,68.3572,7.339674405,6175.395903
Belice,2002,1977.0,10.04,4816.65084555075,0.652,68.7521,7.511815854,6314.851064
Belice,2003,2199.0,10.257,4916.70391442359,0.66,68.9091,7.683957304,6622.584104
Belice,2004,2330.0,10.594,5106.05303386642,0.667,69.227,7.856098754,6631.299416
Belice,2005,2397.0,10.91,5212.66161390994,0.664,69.3757,8.028240204,6639.189164
Belice,2006,2598.0,9.39,5475.72290971811,0.68,70.0932,8.519836235,6783.15037
Belice,2007,2707.0,8.51,5707.11336494231,0.685,70.6549,9.011432266,6482.838471
Belice,2008,2702.0,8.18,5656.40836062302,0.693,71.1507,9.503028297,6581.705358
Belice,2009,2694.0,8.244,5348.9978387566,0.701,71.8186,9.994624329,6801.750993
Belice,2010,1644.0,8.244,5397.29157482319,0.707,72.2716,10.48622036,6626.182113
Belice,2011,1583.0,8.284,5521.36627642336,0.709,72.6512,10.32235832,6807.410431
Belice,2012,1529.0,8.308,5645.89582239311,0.713,73.245,10.15849628,6727.632762
Belice,2013,1504.0,8.35,5887.93343545467,0.712,73.6661,9.994634247,6677.827034
Belice,2014,1452.0,8.24,6068.08860885237,0.709,73.3107,9.830772209,6746.986802
Belice,2015,1363.0,7.58,6142.47883269283,0.708,73.1866,9.666910172,6960.046024
Belice,2016,1283.0,7.0,6148.70696109313,0.712,73.3988,9.503048134,6766.32689
Belice,2017,1222.0,6.6,6100.99468097883,0.707,73.5624,9.339186096,6709.03456
Belice,2018,1185.0,7.814,6059.16255306675,0.706,73.7031,9.175324059,6699.038968
Belice,2019,1164.0,9.05,6210.56554311929,0.705,73.9313,9.011462021,6676.34074
Belice,2020,0.0,10.788,5266.87616004213,0.69,72.854,8.847599983,5897.150457
Belice,2021,577.0,10.29,6228.26730928353,0.683,70.4697,8.847599983,6309.099778
Bolivia,1990,-21915.0,,685.942717677007,0.55,56.4221,5.993671061,4352.021297
Bolivia,1991,-22984.0,2.98,737.521373292754,0.56,57.0973,6.101269806,4514.77491
Bolivia,1992,-24002.0,3.262,763.260674165111,0.568,57.6287,6.210800171,4546.299023
Bolivia,1993,-24702.0,3.089,760.117622367747,0.578,58.4179,6.322296831,4640.757945
Bolivia,1994,-24528.0,3.08,777.416092019528,0.587,58.9886,6.433793492,4782.391567
Bolivia,1995,-23615.0,2.752,856.365112939149,0.598,59.5337,6.545290152,4901.615566
Bolivia,1996,-22473.0,2.44,925.849118902379,0.609,60.0837,6.656786813,5023.763057
Bolivia,1997,-21294.0,2.08,973.96257045664,0.62,60.7521,6.768283473,5183.911654
Bolivia,1998,-20022.0,2.13,1025.40943255123,0.632,61.3317,6.879780134,5367.560988
Bolivia,1999,-18562.0,2.432,981.75292194332,0.631,61.8711,6.991276794,5262.26532
Bolivia,2000,-17675.0,2.373,977.329470360318,0.632,62.3461,7.102773454,5275.462989
Bolivia,2001,-16536.0,2.479,930.875731258944,0.632,62.8426,7.214270115,5267.650673
Bolivia,2002,-16253.0,2.49,888.198576030752,0.63,63.3064,7.152404118,5296.847675
Bolivia,2003,-15499.0,2.533,892.355380474993,0.627,63.6348,7.09053812,5275.975292
Bolivia,2004,-15173.0,2.503,951.951622939377,0.626,64.0041,7.028672123,5355.225273
Bolivia,2005,-14657.0,2.543,1018.31366190632,0.635,64.3856,6.966806126,5518.227019
Bolivia,2006,-14110.0,2.575,1200.06809196654,0.638,64.7793,6.904940128,5702.749959
Bolivia,2007,-13667.0,2.643,1351.03515410788,0.645,65.0267,7.052365065,5847.291121
Bolivia,2008,-13417.0,2.6,1687.57856734657,0.652,65.4459,7.199790001,6132.917282
Bolivia,2009,-13056.0,2.97,1725.14628617645,0.658,65.8803,7.481540203,6198.642658
Bolivia,2010,-12592.0,2.614,1922.05866181583,0.662,66.1624,7.712310155,6292.090086
Bolivia,2011,-12107.0,2.25,2304.98229547312,0.668,66.5337,7.943080107,6535.789314
Bolivia,2012,-11688.0,2.07,2562.46678423329,0.674,66.7046,8.17385006,6608.287066
Bolivia,2013,-11371.0,2.44,2853.79716191598,0.682,67.0207,8.425590197,6937.038027
Bolivia,2014,-10972.0,2.02,3022.46288443562,0.684,67.1632,8.677330335,7313.415069
Bolivia,2015,-10525.0,3.11,2975.64881143063,0.69,67.3182,8.929070473,7718.194007
Bolivia,2016,-10071.0,3.5,3013.50270721666,0.701,67.6277,9.162832737,8056.443085
Bolivia,2017,-9669.0,3.65,3280.0082139387,0.708,67.7015,9.396595001,8174.492977
Bolivia,2018,-9345.0,3.52,3471.0069506501,0.714,67.748,9.630357265,8443.883853
Bolivia,2019,-8978.0,3.68,3472.38083136442,0.717,67.841,9.86411953,8542.603358
Bolivia,2020,-4666.0,7.9,3068.81255516456,0.694,64.4667,9.827750206,7756.177294
Bolivia,2021,-4666.0,5.09,3345.19658838387,0.692,63.6304,9.827750206,8111.190194
Brasil,1990,6457.0,,3085.39621553317,0.61,65.9848,3.685384501,10253.78902
Brasil,1991,-30659.0,6.366,2659.04855834441,0.616,66.3096,3.831340323,10211.33142
Brasil,1992,-20270.0,6.42,2505.22503287296,0.622,66.7082,3.977296144,10017.57126
Brasil,1993,-21956.0,6.03,2766.3284771876,0.63,67.1092,4.123251966,10283.33104
Brasil,1994,-11642.0,6.47,3393.14292559822,0.638,67.5684,4.269207788,10554.70878
Brasil,1995,-26337.0,7.09,4704.96154610973,0.646,67.9191,4.41516361,11087.6094
Brasil,1996,-24330.0,8.03,5121.90540734464,0.653,68.409,4.5866617,11019.85187
Brasil,1997,-20429.0,9.0,5240.12879606607,0.66,68.8128,4.758159791,11160.76534
Brasil,1998,-22409.0,10.15,5049.76611957929,0.666,69.1885,4.929657882,10889.91945
Brasil,1999,-26152.0,11.13,3456.42359489537,0.671,69.5237,5.101155972,10697.77103
Brasil,2000,-1761.0,10.53,3726.81142041068,0.679,69.7367,5.272654063,11279.41358
Brasil,2001,3453.0,10.65,3142.23552848117,0.686,70.1949,5.449625497,11240.23556
Brasil,2002,6018.0,10.64,2824.71539582671,0.692,70.4103,5.626596931,11415.26383
Brasil,2003,-16908.0,11.17,3056.64968001868,0.688,70.7204,5.803568365,11423.91049
Brasil,2004,-5390.0,10.07,3623.22390486815,0.692,71.1307,5.980539799,11962.88351
Brasil,2005,-42926.0,10.55,4773.26848028038,0.698,71.7533,6.150349855,12212.20034
Brasil,2006,-34007.0,9.69,5866.02431314405,0.7,72.0373,6.320159912,12605.81821
Brasil,2007,-30331.0,9.28,7323.19034003928,0.704,72.3653,6.501580238,13284.63248
Brasil,2008,-35373.0,8.27,8801.75947547502,0.715,72.7153,6.671150208,13778.06542
Brasil,2009,-29357.0,9.42,8569.90180523381,0.717,72.9484,6.768959999,13653.35701
Brasil,2010,16843.0,8.034,11249.2937410718,0.723,73.1821,6.878170013,14414.12776
Brasil,2011,33631.0,7.58,13200.5581661879,0.728,73.3432,7.006090164,14925.8874
Brasil,2012,43451.0,7.25,12327.5155558345,0.732,73.5517,7.215769768,15088.3882
Brasil,2013,35308.0,7.07,12258.5648491717,0.75,73.9185,7.287489891,15584.11902
Brasil,2014,24940.0,6.76,12071.4046547485,0.754,74.3058,7.379069805,15454.76924
Brasil,2015,4764.0,8.56,8783.21441310718,0.753,74.3325,7.506820202,14780.05656
Brasil,2016,82589.0,11.74,8680.73542054827,0.755,74.4415,7.731040001,14143.48937
Brasil,2017,56362.0,12.93,9896.7175109967,0.759,74.8266,7.851759911,14253.07502
Brasil,2018,67934.0,12.46,9121.02009249958,0.764,75.1095,7.982019901,14258.48421
Brasil,2019,69186.0,12.05,8845.3239312417,0.766,75.3379,8.128813955,14367.23924
Brasil,2020,56880.0,13.93,6923.70019715065,0.758,74.0089,8.128813955,13790.71143
Brasil,2021,20376.0,13.34,7696.78553127562,0.754,72.7504,8.128813955,14369.88848
Canadá,1990,145270.0,,21526.3477015733,0.86,77.4308,10.74998669,32265.05693
Canadá,1991,127381.0,10.32,21846.3002484754,0.864,77.5917,10.92090034,31151.3392
Canadá,1992,123633.0,11.2,20949.9332652006,0.868,77.8501,11.09453135,30860.22694
Canadá,1993,129514.0,11.38,20186.9885013146,0.866,77.7229,11.26816235,31256.54129
Canadá,1994,132870.0,10.4,19997.6237373354,0.872,77.8991,11.44179335,32194.40915
Canadá,1995,137472.0,9.49,20678.9504415585,0.876,78.0194,11.61542435,33083.65555
Canadá,1996,150516.0,9.62,21296.6344215798,0.879,78.271,11.78905535,33501.50766
Canadá,1997,140171.0,9.1,21901.5940426502,0.88,78.4642,11.96268635,34544.13417
Canadá,1998,126335.0,8.28,21024.509932241,0.879,78.6739,12.13631735,34953.18758
Canadá,1999,143541.0,7.58,22315.1742893999,0.884,78.8851,12.30994835,36659.40381
Canadá,2000,201617.0,6.83,24271.0020563821,0.89,79.2335,12.48357935,39187.81706
Canadá,2001,224357.0,7.22,23821.4455867378,0.892,79.4507,12.65721035,39215.06519
Canadá,2002,206028.0,7.66,24255.3385818322,0.894,79.568,12.78942223,39652.78959
Canadá,2003,182430.0,7.57,28300.4630963791,0.897,79.7396,12.9216341,40744.97969
Canadá,2004,193282.0,7.19,32143.6814078562,0.901,80.0332,13.05384598,42348.34631
Canadá,2005,204710.0,6.76,36382.5079164537,0.903,80.1364,13.18605785,43853.09064
Canadá,2006,202483.0,6.32,40504.0607253203,0.907,80.5466,13.31826973,44888.05769
Canadá,2007,210817.0,6.04,44659.8951408034,0.908,80.5495,13.36716785,45839.73439
Canadá,2008,237962.0,6.14,46710.5055759013,0.91,80.7388,13.41606598,46460.70616
Canadá,2009,240878.0,8.34,40876.3101540295,0.909,81.0737,13.4649641,43109.91336
Canadá,2010,227724.0,8.06,47562.0834253057,0.911,81.3469,13.51386223,44528.55397
Canadá,2011,228828.0,7.51,52223.696112356,0.915,81.5286,13.56276035,45969.25364
Canadá,2012,245309.0,7.29,52669.0899632316,0.921,81.7221,13.59659233,46117.10158
Canadá,2013,242475.0,7.07,52635.1749580433,0.923,81.8029,13.63042431,46909.89758
Canadá,2014,195649.0,6.91,50955.9983232404,0.925,81.8545,13.66425629,47500.43097
Canadá,2015,232738.0,6.91,43596.1355365546,0.926,81.9246,13.69808826,46417.51312
Canadá,2016,320494.0,7.0,42315.6037056806,0.928,82.0434,13.73192024,46340.41847
Canadá,2017,361274.0,6.34,45129.4292980922,0.931,82.0192,13.76600456,47702.63749
Canadá,2018,417974.0,5.83,46547.7951820036,0.933,82.0508,13.80017348,48156.0
Canadá,2019,391914.0,5.66,46374.1527517191,0.937,82.3628,13.83442722,48464.81227
Canadá,2020,195181.0,9.46,43349.677855557,0.931,82.0471,13.83442722,45038.07302
Canadá,2021,195181.0,7.46,52358.6216405155,0.936,82.6565,13.83442722,46807.98619
Chile,1990,-5253.0,,2481.73974319514,0.706,72.574,8.387270623,9441.116542
Chile,1991,-2214.0,5.23,2789.80965900781,0.715,73.5741,8.466750993,10021.48402
Chile,1992,17.0,4.35,3335.06495861957,0.723,74.1354,8.546231363,11052.43606
Chile,1993,1196.0,4.49,3521.71181417856,0.716,74.1953,8.625711733,11662.75178
Chile,1994,1931.0,5.87,4011.6941359298,0.722,74.6139,8.705192103,11939.25855
Chile,1995,2490.0,4.7,5094.50548395194,0.728,74.6085,8.784672473,12867.24646
Chile,1996,2980.0,7.41,5376.14943272643,0.735,74.8988,8.857878077,13623.26803
Chile,1997,3536.0,7.14,5788.85994826956,0.744,75.5958,8.931083681,14454.45044
Chile,1998,4240.0,7.31,5467.5708766888,0.749,75.6695,9.004289285,14996.25315
Chile,1999,4988.0,11.16,4981.19110628657,0.755,76.0176,9.077494889,14667.5739
Chile,2000,5790.0,10.49,5097.11493718915,0.763,76.8695,9.150700493,15184.59631
Chile,2001,6720.0,10.39,4606.89056424429,0.768,76.7726,9.288745346,15543.3396
Chile,2002,7828.0,10.17,4479.17504395379,0.775,77.4445,9.426790199,15777.36163
Chile,2003,9266.0,9.77,4824.22054120463,0.779,77.3867,9.564835053,15913.68731
Chile,2004,11515.0,10.16,6185.51479184893,0.787,77.6161,9.702879906,16471.77444
Chile,2005,14336.0,9.34,7561.8305480446,0.795,78.0159,9.736940066,17110.97596
Chile,2006,17348.0,9.02,9418.0627175215,0.796,78.261,9.771000226,17183.47403
Chile,2007,20188.0,8.43,10461.3660887507,0.801,77.8258,9.805060387,17994.32625
Chile,2008,22516.0,9.29,10783.1708210632,0.813,78.4841,10.1062603,19316.13231
Chile,2009,24330.0,11.31,10182.8605646819,0.811,78.7409,9.97935009,18935.55085
Chile,2010,26064.0,8.41,12767.7820406263,0.813,78.5015,9.85243988,19744.92469
Chile,2011,28128.0,7.32,14628.5724573037,0.817,79.1099,9.544130325,20732.94409
Chile,2012,30925.0,6.64,15406.4928361503,0.824,79.0233,9.776545048,22097.83875
Chile,2013,36566.0,6.2,15833.2759194461,0.836,79.3391,10.00895977,22815.82741
Chile,2014,52709.0,6.65,14666.3431168586,0.841,79.4726,10.13243484,23261.50787
Chile,2015,55709.0,6.49,13569.9481274733,0.846,79.746,10.25590992,23730.28359
Chile,2016,126525.0,6.73,13785.6875977318,0.85,80.0794,10.42321491,23781.35546
Chile,2017,214697.0,6.95,15045.5278507601,0.853,80.3501,10.59051991,23458.6445
Chile,2018,237358.0,7.21,15795.7081412484,0.856,80.1334,10.76136507,23908.86388
Chile,2019,230162.0,7.27,14627.14501648,0.861,80.3263,10.9349663,24077.24668
Chile,2020,98439.0,11.14,13165.3863429858,0.852,79.3769,10.9349663,22285.86026
Chile,2021,113709.0,9.35,16247.4010150765,0.855,78.9435,10.9349663,24563.24486
Colombia,1990,-17237.0,,1467.54743608627,0.61,68.644,6.340998417,7932.945509
Colombia,1991,-48488.0,10.12,1491.85672826445,0.619,68.8127,6.39219122,7978.104071
Colombia,1992,-29969.0,9.44,1720.56855672705,0.628,69.0381,6.443797317,8174.492145
Colombia,1993,-30020.0,7.8,1920.39896677973,0.635,69.3418,6.495820045,8526.156226
Colombia,1994,-16033.0,8.25,2314.9009901463,0.64,69.6132,6.54826277,8940.705583
Colombia,1995,-33016.0,8.72,2571.46818996686,0.645,69.9325,6.600705494,9243.606085
Colombia,1996,-28154.0,11.81,2652.10388063505,0.653,70.1885,6.653148218,9230.173967
Colombia,1997,-23520.0,12.14,2860.0409408715,0.66,70.4919,6.705590942,9376.680714
Colombia,1998,-25134.0,15.0,2595.54301205385,0.665,70.7378,6.758033666,9318.106668
Colombia,1999,-30850.0,20.06,2236.07292549395,0.663,70.9257,6.81047639,8792.958415
Colombia,2000,-31116.0,20.52,2546.85021319149,0.666,71.3201,6.862919114,8857.491795
Colombia,2001,-27618.0,15.04,2465.00701127148,0.667,71.502,6.915361838,8842.336134
Colombia,2002,-24379.0,15.63,2421.16210341989,0.67,71.9389,6.967804562,8907.760604
Colombia,2003,-33007.0,14.19,2305.17050671011,0.677,72.3606,7.020247286,9056.6122
Colombia,2004,-25907.0,13.72,2811.45945015998,0.683,72.6951,7.07269001,9396.847131
Colombia,2005,-41348.0,11.87,3448.53827356214,0.696,73.0814,7.284200191,9810.986659
Colombia,2006,-39142.0,10.963,3782.60350413031,0.698,73.468,6.803120136,10322.92873
Colombia,2007,-49575.0,10.25,4762.08297292255,0.71,73.8372,7.188660145,10836.54977
Colombia,2008,-63246.0,10.52,5534.68944688199,0.716,74.295,7.321400166,11003.14824
Colombia,2009,-46902.0,11.32,5245.9516649172,0.722,74.7418,7.247399807,11049.10671
Colombia,2010,-34185.0,10.98,6392.75802564032,0.726,75.0327,7.393869877,11347.09702
Colombia,2011,-46273.0,10.11,7392.9435995632,0.733,75.3198,7.518929958,11930.28232
Colombia,2012,-55913.0,9.74,8096.80150977527,0.734,75.5973,7.625860214,12344.80859
Colombia,2013,-64686.0,9.05,8263.64192942212,0.746,75.8267,7.833469868,12902.5132
Colombia,2014,-67516.0,8.57,8167.47284156278,0.75,76.0427,7.992390156,13432.16118
Colombia,2015,-41064.0,8.3,6228.65162186096,0.754,76.2573,8.047450066,13901.52184
Colombia,2016,79978.0,8.69,5936.26102166829,0.759,76.4713,8.221500397,14044.84239
Colombia,2017,415618.0,8.87,6449.97098726073,0.761,76.6456,8.362985134,13912.22581
Colombia,2018,494364.0,9.11,6782.0379203319,0.763,76.7479,8.504469872,13941.33097
Colombia,2019,395803.0,9.96,6436.50921529531,0.768,76.7523,8.643030167,14240.59041
Colombia,2020,229437.0,15.04,5304.28912886637,0.756,74.7692,8.862859726,13184.95894
Colombia,2021,211978.0,13.9,6182.70709867969,0.752,72.8296,8.862859726,14384.35666
Costa Rica,1990,7941.0,,1808.49595860746,0.66,76.6301,6.246158944,9497.759187
Costa Rica,1991,10755.0,5.37,2221.47465327402,0.663,76.5905,6.207062733,9651.643494
Costa Rica,1992,13075.0,3.93,2578.0250314438,0.674,76.6269,6.489623811,10292.10424
Costa Rica,1993,14425.0,3.95,2814.04454782032,0.682,76.7029,6.7170524,10757.17708
Costa Rica,1994,15576.0,4.05,3005.54032336454,0.685,76.67,6.73303985,11100.54365
Costa Rica,1995,16607.0,5.18,3240.71114533234,0.691,76.5519,6.962734944,11231.14695
Costa Rica,1996,17391.0,6.16,3194.11298818557,0.693,76.8042,6.941064556,11160.64884
Costa Rica,1997,17843.0,5.68,3373.41058474058,0.7,77.0703,7.114540012,11489.22546
Costa Rica,1998,17671.0,5.33,3580.93388469275,0.705,76.8963,7.321519931,11911.83567
Costa Rica,1999,16084.0,5.9,3653.75420836815,0.708,77.1375,7.30533652,11947.69719
Costa Rica,2000,13590.0,5.08,3773.03379319679,0.71,77.5857,7.142045964,12062.54245
Costa Rica,2001,10960.0,5.92,3941.59864349203,0.715,77.5453,7.332145083,12260.63178
Costa Rica,2002,8929.0,6.33,4021.42536130228,0.722,77.9833,7.485752501,12476.34459
Costa Rica,2003,8010.0,6.56,4123.5064871039,0.727,78.072,7.633359768,12814.32252
Costa Rica,2004,7458.0,6.39,4376.08042847261,0.732,78.3305,7.666705062,13244.914
Costa Rica,2005,7022.0,6.57,4643.45856992587,0.74,78.5053,7.825407987,13647.15678
Costa Rica,2006,6651.0,5.74,5188.36179215965,0.747,78.5145,7.836508898,14575.16346
Costa Rica,2007,6273.0,4.49,6055.08677891562,0.756,78.4621,8.012720108,15613.4116
Costa Rica,2008,5833.0,4.78,6841.91145979684,0.765,78.4451,8.288009644,16242.12399
Costa Rica,2009,5283.0,7.71,6737.86075359038,0.769,78.6721,8.359669685,15661.61363
Costa Rica,2010,4728.0,7.17,8147.24398481032,0.772,78.6704,8.230690002,16318.32297
Costa Rica,2011,4258.0,9.52,9137.45510202159,0.782,79.3477,8.351329803,16811.46478
Costa Rica,2012,3983.0,9.11,9971.65165625728,0.786,79.2827,8.412119865,17457.3481
Costa Rica,2013,3950.0,8.22,10633.2665598785,0.792,79.4034,8.581184864,17594.06705
Costa Rica,2014,3996.0,8.5,10737.6788753949,0.796,78.7741,8.750249863,17919.03127
Costa Rica,2015,4065.0,8.42,11529.9551735671,0.798,79.0857,8.584500313,18327.60822
Costa Rica,2016,4150.0,8.09,11899.8139783719,0.803,79.4592,8.564390182,18902.33613
Costa Rica,2017,4196.0,7.73,12118.1336180615,0.807,79.3769,8.643780231,19283.51036
Costa Rica,2018,4198.0,9.01,12383.1499469519,0.811,79.4835,8.72317028,19562.35999
Costa Rica,2019,4154.0,10.81,12669.3411617396,0.819,79.4272,8.763615131,19684.85681
Costa Rica,2020,2084.0,16.43,12179.2566742377,0.816,79.277,8.804059982,18753.91088
Costa Rica,2021,2084.0,15.14,12537.2567461753,0.809,77.0232,8.804059982,19974.27358
Cuba,1990,-15438.0,,2695.61486458131,0.68,74.0389,8.794557697,5270.81556
Cuba,1991,-20665.0,7.904,2269.64557765794,0.674,74.093,8.942269906,4686.090473
Cuba,1992,-21867.0,8.056,2048.06883870462,0.668,74.1615,9.089982115,4135.772262
Cuba,1993,-24358.0,8.255,2063.22212319205,0.659,74.2608,9.237694325,3500.641719
Cuba,1994,-27272.0,8.146,2613.00503947034,0.656,74.4106,9.385406534,3508.315058
Cuba,1995,-28713.0,8.27,2784.90260522494,0.659,74.6231,9.533118744,3554.707498
Cuba,1996,-25052.0,7.61,2281.97555037471,0.67,74.9026,9.62629106,3825.443167
Cuba,1997,-34305.0,7.1,2306.38394039568,0.674,75.2223,9.719463377,3916.321718
Cuba,1998,-32396.0,6.23,2332.50821705533,0.678,75.5639,9.812635694,3911.467378
Cuba,1999,-30770.0,6.26,2562.27410535087,0.685,75.8926,9.90580801,4133.423944
Cuba,2000,-24942.0,5.45,2752.20378269319,0.693,76.1831,9.998980327,4351.611279
Cuba,2001,-22329.0,4.08,2844.24443674985,0.7,76.4208,10.08533516,4495.398917
Cuba,2002,-23874.0,3.31,3007.19307369322,0.706,76.6124,10.17168999,4548.737109
Cuba,2003,-19525.0,2.33,3205.68839767994,0.714,76.7729,10.30446396,4706.492493
Cuba,2004,-13532.0,1.85,3403.29616311163,0.728,76.9116,10.43723793,4961.62689
Cuba,2005,-11973.0,1.95,3791.87300608904,0.741,77.0469,10.5700119,5524.000434
Cuba,2006,-9462.0,1.91,4336.87332999361,0.761,77.1788,10.70278587,6210.383745
Cuba,2007,-14434.0,1.79,4814.85487568512,0.775,77.3072,10.83555984,6635.849547
Cuba,2008,-24636.0,1.58,4992.82449445836,0.784,77.4294,10.96833382,6910.944542
Cuba,2009,-30328.0,1.67,5094.43756186586,0.784,77.5483,11.10110779,6952.556565
Cuba,2010,-27718.0,2.5,5275.53260105122,0.78,77.661,11.23388176,7150.053355
Cuba,2011,-28752.0,3.18,6106.0067919258,0.777,77.7597,11.36665573,7394.688924
Cuba,2012,-17531.0,3.46,6467.33791422804,0.773,77.8328,11.4994297,7617.849884
Cuba,2013,-15301.0,3.29,6814.24384354868,0.769,77.8698,11.63700714,7822.470876
Cuba,2014,-14543.0,2.7,7117.52691001591,0.771,77.8533,11.77623054,7878.597597
Cuba,2015,-14372.0,2.4,7683.75789050585,0.773,77.772,11.91711958,8217.14833
Cuba,2016,-14454.0,2.0,8055.88990736388,0.774,77.643,12.0596942,8241.72571
Cuba,2017,-14498.0,1.7,8543.36096849045,0.779,77.5286,12.20397456,8388.369
Cuba,2018,-14219.0,1.7,8831.90722233737,0.783,77.4962,12.34998107,8573.741653
Cuba,2019,-13686.0,1.2,9139.41585605765,0.788,77.6112,12.49773438,8748.733509
Cuba,2020,-7068.0,1.4,9499.59020230432,0.781,77.5673,12.49773438,7809.171181
Cuba,2021,-7068.0,1.473,,0.764,73.6829,12.49773438,7878.847482
República Dominicana,1990,-27399.0,,992.238964207372,0.577,67.1102,5.26625239,5941.065938
República Dominicana,1991,-29349.0,6.431,1349.81323757726,0.583,67.6254,5.397396418,5917.782034
República Dominicana,1992,-29822.0,6.294,1562.52204746248,0.593,68.0842,5.528540447,6453.482482
República Dominicana,1993,-30265.0,6.343,1726.62547910699,0.6,68.4715,5.659684475,6690.139357
República Dominicana,1994,-30721.0,6.413,1896.02011717605,0.607,68.7917,5.790828503,6784.885218
República Dominicana,1995,-29610.0,6.379,2114.09059968729,0.613,68.9884,5.921972532,7048.243521
República Dominicana,1996,-29875.0,6.383,2276.69837399209,0.62,69.0969,6.03057618,7397.389439
República Dominicana,1997,-30020.0,6.352,2456.1059266301,0.627,69.1664,6.139179829,7919.734845
República Dominicana,1998,-30030.0,6.388,2616.74548008741,0.633,69.0964,6.247783477,8299.853678
República Dominicana,1999,-30104.0,6.405,2631.74358047799,0.64,69.2794,6.356387126,8632.926096
República Dominicana,2000,-30231.0,6.43,2845.84660974677,0.646,69.4232,6.464990774,8917.383134
República Dominicana,2001,-30371.0,7.26,2953.24792814874,0.651,69.6416,6.542857541,8998.862406
República Dominicana,2002,-30477.0,6.78,3085.51786572269,0.657,69.923,6.620724308,9273.289374
República Dominicana,2003,-30549.0,6.94,2399.49812260147,0.659,70.2649,6.698591075,8803.884372
República Dominicana,2004,-30709.0,6.3,2468.43681503623,0.663,70.3305,6.776457842,8739.67852
República Dominicana,2005,-30883.0,6.59,3903.81518384433,0.674,70.8752,6.854324609,9742.487438
República Dominicana,2006,-30977.0,5.65,4080.04571382126,0.683,71.1654,7.012107268,10546.32662
República Dominicana,2007,-30898.0,5.16,4676.07911069651,0.692,71.371,7.169889927,11175.89734
República Dominicana,2008,-30605.0,4.76,5053.33029118417,0.697,71.6577,7.193096638,11557.87602
República Dominicana,2009,-30468.0,5.47,5002.1532330508,0.701,71.871,7.216303349,11518.0918
República Dominicana,2010,-30489.0,5.21,5509.56805406696,0.708,72.0933,7.239510059,12327.3468
República Dominicana,2011,-30572.0,6.09,5859.38154480292,0.713,72.2212,7.330570221,12529.5448
República Dominicana,2012,-30615.0,6.72,6049.47161121834,0.718,72.5142,7.429090023,12707.22497
República Dominicana,2013,-30563.0,7.35,6171.29506392047,0.722,72.7127,7.516860008,13067.09635
República Dominicana,2014,-30449.0,6.72,6533.67096798065,0.728,72.8665,7.650459766,13814.06229
República Dominicana,2015,-30310.0,7.61,6838.9367346602,0.736,72.9531,7.718160152,14694.1036
República Dominicana,2016,-30181.0,7.28,7191.06971254766,0.755,72.9867,9.044050217,15462.20861
República Dominicana,2017,-30055.0,5.83,7513.49795078555,0.757,73.0629,8.936204255,15941.67145
República Dominicana,2018,-29944.0,5.86,7947.1593538657,0.764,73.2323,9.106114462,16958.43305
República Dominicana,2019,-29830.0,6.18,8173.34464573914,0.771,73.5767,9.306864107,17572.69314
República Dominicana,2020,-14966.0,6.13,7167.91493205787,0.764,72.8894,9.306864107,16164.89952
República Dominicana,2021,-14966.0,7.7,8476.7496882797,0.767,72.6146,9.306864107,17989.60037
Ecuador,1990,-15159.0,,1458.32687154356,0.651,69.3477,6.75150013,7642.568196
Ecuador,1991,-21384.0,4.439,1589.75217357078,0.652,69.6253,6.808366579,7900.167909
Ecuador,1992,-34721.0,4.589,1657.85872039798,0.658,70.1172,6.865233029,7992.61883
Ecuador,1993,-41843.0,4.615,1701.159458991,0.662,70.3451,6.922099478,8054.395535
Ecuador,1994,-44398.0,4.49,2001.17815885333,0.667,70.7571,6.978965928,8244.368422
Ecuador,1995,-45172.0,4.632,2113.2636522054,0.671,71.0408,7.035832377,8277.378363
Ecuador,1996,-46046.0,4.683,2142.3286405069,0.674,71.362,7.092698827,8216.919279
Ecuador,1997,-47259.0,4.538,2349.21868534704,0.679,71.6815,7.149565276,8426.618844
Ecuador,1998,-47999.0,4.622,2293.65582793553,0.684,72.045,7.206431725,8489.529609
Ecuador,1999,-46434.0,5.189,1582.75860694668,0.683,72.4634,7.263298175,7743.162499
Ecuador,2000,-41899.0,4.8,1451.53088517998,0.687,72.8394,7.320164624,7662.708399
Ecuador,2001,-34968.0,4.25,1904.81367007224,0.693,73.2395,7.377031074,7967.029533
Ecuador,2002,-28089.0,4.899,2184.209243808,0.698,73.6134,7.433897523,8191.207779
Ecuador,2003,-22605.0,5.66,2438.34368429156,0.703,73.9751,7.490763973,8250.353256
Ecuador,2004,-20921.0,5.0,2703.56567057465,0.71,74.2788,7.547630422,8747.668
Ecuador,2005,-16816.0,3.78,3014.3100093159,0.715,74.5144,7.604496872,9107.982948
Ecuador,2006,-12621.0,3.55,3340.84090289849,0.72,74.689,7.661363321,9385.692493
Ecuador,2007,-9625.0,3.14,3579.03224391806,0.723,74.8445,7.718229771,9414.638342
Ecuador,2008,-8776.0,3.92,4260.43318396471,0.729,74.983,7.72631979,10007.24798
Ecuador,2009,-8487.0,4.61,4240.70259271564,0.731,75.1841,7.739970207,9944.187625
Ecuador,2010,-8315.0,4.09,4640.24634437845,0.736,75.4301,7.849160194,10194.3705
Ecuador,2011,-8135.0,3.46,5202.65645902066,0.743,75.7425,7.907040119,10814.2554
Ecuador,2012,-7832.0,3.23,5678.45572070003,0.751,76.0616,8.097470284,11255.83603
Ecuador,2013,-6151.0,3.08,6050.3546113274,0.755,76.3694,8.288680077,11633.97078
Ecuador,2014,2288.0,3.48,6374.6314856366,0.76,76.6221,8.361359596,11887.546
Ecuador,2015,14740.0,3.62,6130.58667556768,0.765,76.7893,8.701580048,11685.75729
Ecuador,2016,27063.0,4.6,6079.08873612077,0.762,76.7634,8.692919731,11334.76401
Ecuador,2017,49359.0,3.84,6246.40425217932,0.762,76.9725,8.765919685,11346.37257
Ecuador,2018,153372.0,3.53,6321.34940071717,0.762,77.0938,8.782986323,11242.31215
Ecuador,2019,71801.0,3.81,6233.25816692363,0.76,77.2971,8.800052961,11034.20422
Ecuador,2020,35894.0,6.11,5645.19928965332,0.731,72.1535,8.817119598,10031.66906
Ecuador,2021,35894.0,4.5,5965.13287054416,0.74,73.67,8.817119598,10311.63273
Granada,1990,-1998.0,,2807.74544370817,,70.6834,,8146.417016
Granada,1991,-698.0,,3014.87488611328,,70.9738,,8494.559802
Granada,1992,-717.0,,3069.67977478666,,71.291,,8456.85149
Granada,1993,-691.0,,3032.23146217871,,71.5761,,8060.280186
Granada,1994,-750.0,,3151.10216541779,,71.7856,,8190.693035
Granada,1995,-809.0,,3288.22331845588,,72.1095,,8183.305168
Granada,1996,-872.0,,3499.52734910673,,72.3312,,8462.4886
Granada,1997,-915.0,,3715.72059036649,,72.5677,,8826.030278
Granada,1998,-676.0,,4198.71556113552,,72.8047,,9727.916118
Granada,1999,-582.0,,4512.22461801644,,72.9026,,10330.65765
Granada,2000,-586.0,,4840.68406406257,,72.7829,,10675.43562
Granada,2001,-736.0,,4821.78499467448,,73.1181,,10253.07688
Granada,2002,-924.0,,4992.44140704535,0.739,73.167,7.445400273,10468.69717
Granada,2003,-245.0,,5435.15180621121,0.747,73.1875,7.552225239,11452.12124
Granada,2004,-306.0,,5470.60331451653,0.742,71.7876,7.659050204,11050.78558
Granada,2005,-369.0,,6308.66504213503,0.763,73.5214,7.76587517,13433.94524
Granada,2006,-417.0,,6295.28117153806,0.765,73.7004,7.872700136,12855.43863
Granada,2007,-447.0,,6790.63408004111,0.773,74.3165,7.979525102,13427.23027
Granada,2008,-455.0,,7343.44526962639,0.778,74.6558,8.086350068,13555.53855
Granada,2009,-459.0,,6810.44031784436,0.777,75.0363,8.193175034,12214.12381
Granada,2010,-453.0,,6760.97488416081,0.782,74.9988,8.3,12502.10947
Granada,2011,-292.0,,6775.74927822931,0.786,75.2947,8.375,12675.81463
Granada,2012,-204.0,,6900.76507593244,0.784,75.0416,8.45,12426.59763
Granada,2013,-190.0,,7205.25476521885,0.787,75.1161,8.525,12734.95982
Granada,2014,-190.0,,7726.37826175954,0.787,74.985,8.6,12844.95119
Granada,2015,-190.0,,8379.62184743156,0.79,75.0125,8.675659824,13219.27937
Granada,2016,-190.0,,8849.51353500776,0.791,74.7622,8.675659824,13914.87047
Granada,2017,-190.0,,9309.26129609568,0.794,74.7652,8.675659824,14465.19775
Granada,2018,-190.0,,9574.3102711372,0.797,74.8076,8.8,14975.50952
Granada,2019,-190.0,,9887.92074235834,0.8,74.8632,9.032104,14983.78605
Granada,2020,0.0,,8437.5367823125,0.792,74.9238,9.032104,12840.52175
Granada,2021,-85.0,,9010.5127999358,0.795,74.9362,9.032104,13483.5774
Guatemala,1990,-30399.0,,845.314813870882,0.484,62.4728,3.192767468,5418.05672
Guatemala,1991,-40877.0,2.656,1011.75899005957,0.488,62.7252,3.268137717,5550.418019
Guatemala,1992,-36236.0,2.638,1093.95656118322,0.492,62.9135,3.343507965,5654.359661
Guatemala,1993,-36822.0,2.669,1164.38177330056,0.497,63.3495,3.418878214,5746.26574
Guatemala,1994,-33463.0,2.676,1293.47001052588,0.501,63.726,3.494248462,5832.859263
Guatemala,1995,-39890.0,2.664,1424.68254256258,0.508,64.1954,3.569618711,5967.310536
Guatemala,1996,-43474.0,2.723,1487.60765839974,0.516,64.8632,3.638708105,5974.445322
Guatemala,1997,-43356.0,2.699,1649.00160206099,0.525,65.5357,3.707797499,6096.628649
Guatemala,1998,-44059.0,2.694,1755.84958223191,0.534,66.1137,3.776886894,6277.400761
Guatemala,1999,-49731.0,2.733,1619.51073552531,0.542,66.8686,3.845976288,6354.995065
Guatemala,2000,-66153.0,2.75,1664.30771229348,0.55,67.4459,3.915065683,6429.056878
Guatemala,2001,-59249.0,2.793,1550.36184517092,0.556,67.9464,3.881567794,6466.899759
Guatemala,2002,-55245.0,2.767,1682.99450068936,0.561,68.3865,3.848069906,6489.62095
Guatemala,2003,-54666.0,2.81,1737.87928692973,0.566,68.7969,3.799302459,6518.684376
Guatemala,2004,-47399.0,2.97,1859.09933815088,0.571,69.1648,3.750535011,6565.087753
Guatemala,2005,-49600.0,3.053,2068.48816115505,0.574,69.1675,3.701767564,6637.018544
Guatemala,2006,-42071.0,3.082,2251.07883321194,0.581,69.8124,3.653000116,6819.812353
Guatemala,2007,-40617.0,3.14,2490.74777415501,0.59,70.1002,3.844273448,7094.537826
Guatemala,2008,-42607.0,3.314,2802.45145888652,0.596,70.3556,4.03554678,7251.743179
Guatemala,2009,-43051.0,3.489,2651.83160866108,0.6,70.6414,4.226820111,7124.626047
Guatemala,2010,-36072.0,3.5,2852.55765185029,0.605,70.8783,4.418093443,7154.329348
Guatemala,2011,-33204.0,3.095,3228.03813963203,0.611,71.1769,4.609366775,7297.912703
Guatemala,2012,-32572.0,2.76,3355.03459892096,0.616,71.463,4.800640106,7437.35323
Guatemala,2013,-35666.0,3.02,3522.76754110253,0.62,71.728,4.896299839,7557.667802
Guatemala,2014,-40409.0,2.72,3779.62604225079,0.637,71.9638,5.83698988,7734.793394
Guatemala,2015,-48162.0,2.51,3994.62908519019,0.639,72.103,5.805851936,7932.534306
Guatemala,2016,-39266.0,2.58,4173.28130287658,0.639,72.3547,5.774713993,8028.858895
Guatemala,2017,-48049.0,2.46,4454.02466102158,0.64,72.5506,5.74357605,8147.871684
Guatemala,2018,-56884.0,2.28,4485.75238352401,0.64,72.7257,5.712438107,8289.389866
Guatemala,2019,-58095.0,2.19,4647.80734000427,0.642,73.1289,5.681300163,8494.49306
Guatemala,2020,-23142.0,3.359,4609.89725752869,0.635,71.7969,5.681300163,8241.444361
Guatemala,2021,-29118.0,2.942,5029.47733808268,0.627,69.2368,5.681300163,8723.285317
Guyana,1990,-21639.0,,530.817521363669,0.509,62.4149,5.273218506,2049.159711
Guyana,1991,-15526.0,11.954,468.398022314546,0.505,62.6219,5.343320377,1821.360115
Guyana,1992,-13467.0,11.9,501.441804524053,0.52,62.787,5.413422248,2246.622794
Guyana,1993,-13075.0,11.873,607.74634327925,0.534,63.1518,5.483524119,2734.555406
Guyana,1994,-13197.0,11.847,721.603389519806,0.544,63.3717,5.55362599,3131.353857
Guyana,1995,-13242.0,11.884,826.973370523572,0.549,63.1358,5.62372786,3330.745028
Guyana,1996,-13275.0,11.818,936.084325729761,0.559,63.2051,5.701618828,3864.139763
Guyana,1997,-13282.0,11.827,991.95855140423,0.564,63.3564,5.779509796,4012.612071
Guyana,1998,-13251.0,11.935,948.240422744595,0.569,63.8996,5.857400763,4052.94473
Guyana,1999,-13212.0,11.84,916.546380750613,0.573,64.1698,5.935291731,4102.801767
Guyana,2000,-13176.0,11.89,938.893297983287,0.577,64.4833,6.013182698,4151.402418
Guyana,2001,-13060.0,11.812,937.29799054185,0.584,64.7882,6.067706376,4564.201948
Guyana,2002,-12758.0,11.81,955.030210470206,0.59,64.7275,6.122230053,4987.266603
Guyana,2003,-12523.0,11.576,976.99326161471,0.598,64.6003,6.39731076,5458.352277
Guyana,2004,-12657.0,11.279,1036.01987731035,0.612,64.9305,6.672391466,6225.135326
Guyana,2005,-13000.0,11.027,1085.78488650781,0.622,65.132,6.947472173,6726.510578
Guyana,2006,-13328.0,10.7,3138.08220390545,0.631,65.6666,7.22255288,7629.170601
Guyana,2007,-13629.0,10.943,3609.90851528849,0.638,66.2535,7.497633587,8257.19914
Guyana,2008,-13886.0,11.301,4011.38689701565,0.644,66.288,7.772714293,8508.905182
Guyana,2009,-14130.0,11.538,4213.81622922287,0.649,66.5625,8.047795,8799.797611
Guyana,2010,-14327.0,11.812,4589.87249015273,0.656,66.743,8.099584273,9271.363136
Guyana,2011,-14512.0,12.058,4960.00472639074,0.665,66.9818,8.151373545,9630.015485
Guyana,2012,-7152.0,12.333,5461.39007580443,0.669,67.2298,8.203162818,10125.12291
Guyana,2013,-6912.0,12.64,5576.25021487173,0.673,67.4727,8.254952091,10345.83647
Guyana,2014,-6715.0,12.954,5495.37708403271,0.681,67.8818,8.306741364,11062.1673
Guyana,2015,-6524.0,13.252,5668.42976474423,0.684,68.2015,8.358530636,10987.05531
Guyana,2016,-6311.0,13.475,5905.38019563205,0.691,68.384,8.410319909,11727.25724
Guyana,2017,-6110.0,13.757,6220.97856820609,0.695,68.6668,8.462109182,11976.38567
Guyana,2018,30080.0,14.02,6094.90983679015,0.701,68.8959,8.513898455,12575.03496
Guyana,2019,-24678.0,13.52,6477.29672607993,0.708,69.1239,8.565687727,13600.32652
Guyana,2020,802.0,15.589,6863.07434593017,0.721,68.4858,8.617477,18788.01779
Guyana,2021,-4316.0,14.905,9998.54431136155,0.714,65.6734,8.617477,22464.65734
Honduras,1990,-15350.0,,974.229483842708,0.516,65.2428,3.867753515,3769.440986
Honduras,1991,-15507.0,4.58,894.510209394111,0.517,65.7522,3.947463658,3517.44538
Honduras,1992,-15585.0,3.06,924.959676699835,0.521,65.9909,4.027173801,3602.795533
Honduras,1993,-15559.0,3.116,896.283689659332,0.527,66.2507,4.106883943,3809.280026
Honduras,1994,-15246.0,3.237,821.216147604504,0.53,66.5743,4.186594086,3702.407233
Honduras,1995,-14711.0,3.24,919.937993255915,0.536,67.139,4.266304229,3812.828005
Honduras,1996,-14049.0,4.37,872.581838432956,0.539,67.4389,4.333333212,3778.44985
Honduras,1997,-13343.0,3.32,933.755707934705,0.544,67.7772,4.400362196,3891.461586
Honduras,1998,-12638.0,4.02,1009.16270537509,0.527,62.7208,4.46739118,3933.394637
Honduras,1999,-11757.0,3.85,990.297834013789,0.55,68.4216,4.534420163,3825.036517
Honduras,2000,-10762.0,3.855,1079.6056663087,0.556,68.6618,4.601449147,3970.607254
Honduras,2001,-9749.0,4.0,1118.94089428633,0.559,69.0061,4.668478131,3961.170386
Honduras,2002,-8815.0,4.02,1119.42425078788,0.563,69.3664,4.735507114,3989.187498
Honduras,2003,-7986.0,5.3,1142.81137174778,0.567,69.5071,4.802536098,4042.116288
Honduras,2004,-7082.0,5.99,1201.24750461917,0.572,69.7957,4.869565082,4164.535959
Honduras,2005,-6187.0,4.91,1289.8231369221,0.577,70.1041,4.936594065,4333.784928
Honduras,2006,-5451.0,3.57,1409.579723383,0.581,70.2608,4.945652036,4505.965646
Honduras,2007,-5039.0,3.21,1559.88604406996,0.586,70.3765,4.954710007,4754.557467
Honduras,2008,-5039.0,3.16,1713.41813419051,0.591,70.4414,5.111529946,4867.221752
Honduras,2009,-5196.0,3.29,1762.34916029174,0.594,70.9113,5.268349886,4688.06038
Honduras,2010,-5418.0,4.12,1874.27170372599,0.597,71.0884,5.425169826,4647.567903
Honduras,2011,-5664.0,4.47,2053.95973112624,0.6,71.4386,5.581989765,4697.331439
Honduras,2012,-5896.0,3.75,2107.34548058009,0.599,71.7344,5.518219948,4729.263681
Honduras,2013,-6094.0,5.65,2064.55051938928,0.603,71.9629,5.847009897,4777.746731
Honduras,2014,-6302.0,7.08,2164.42451571622,0.606,72.2594,6.175799847,4783.560934
Honduras,2015,-6512.0,6.15,2257.22528369354,0.613,72.4871,6.294149876,4927.099416
Honduras,2016,-6685.0,6.73,2295.53623075587,0.618,72.5878,6.528709888,5020.829616
Honduras,2017,-6782.0,5.53,2403.30609417895,0.617,72.6918,6.408294916,5221.810955
Honduras,2018,-6768.0,5.62,2457.68601233921,0.617,72.8141,6.287879944,5248.923663
Honduras,2019,-6550.0,5.55,2519.36619342175,0.632,72.8811,7.088479996,5316.509508
Honduras,2020,-6199.0,10.68,2354.12148010105,0.621,71.4619,7.088479996,4792.024122
Honduras,2021,-5779.0,7.947,2771.72261645247,0.621,70.1229,7.088479996,5297.955301
Haití,1990,-26101.0,,447.096290415577,0.429,52.9753,2.69,3527.984246
Haití,1991,-26326.0,7.562,491.584462657059,0.433,53.3907,2.792,3525.466534
Haití,1992,-26514.0,7.619,313.238799085014,0.435,53.842,2.894,3273.608006
Haití,1993,-26640.0,7.577,255.685973215616,0.436,54.3505,2.996,3036.434252
Haití,1994,-26862.0,7.615,289.546185735968,0.434,54.653,3.098,2631.702383
Haití,1995,-27130.0,7.301,368.84708576527,0.444,55.5471,3.2,2846.641271
Haití,1996,-27373.0,7.325,374.169325733372,0.45,56.1543,3.31,2915.655711
Haití,1997,-27515.0,7.296,421.841641798722,0.455,56.5164,3.42,2938.367002
Haití,1998,-27495.0,7.255,461.971438862096,0.46,57.1349,3.53,2946.763714
Haití,1999,-27334.0,7.2,506.000221817295,0.466,57.9606,3.64,2970.778184
Haití,2000,-27098.0,8.408,814.997919687219,0.47,58.3652,3.75,2938.848282
Haití,2001,-26837.0,9.635,743.911273114589,0.472,58.4886,3.858,2879.051184
Haití,2002,-26642.0,10.826,716.482616034623,0.476,58.8545,3.966,2858.829065
Haití,2003,-26534.0,11.999,575.556830068016,0.482,59.5065,4.074,2908.172991
Haití,2004,-26422.0,13.308,679.280054303546,0.479,58.4755,4.182,2825.643908
Haití,2005,-26304.0,14.42,771.535002681156,0.49,60.4153,4.29,2857.074515
Haití,2006,-26641.0,15.664,824.358051848209,0.494,60.7632,4.38,2878.092123
Haití,2007,-27017.0,16.8,979.599640864098,0.499,61.103,4.47,2963.849825
Haití,2008,-27644.0,16.298,1089.57635502893,0.503,61.3322,4.56,2995.821243
Haití,2009,-27949.0,15.658,1191.80293520311,0.508,61.7409,4.65,3125.148813
Haití,2010,-28437.0,15.383,1204.86205532083,0.433,46.0185,4.74,2905.829348
Haití,2011,-29049.0,14.56,1306.84531878112,0.512,61.6227,4.842,3011.380271
Haití,2012,-29679.0,14.1,1356.17277659383,0.517,62.2915,4.944,2985.249076
Haití,2013,-30347.0,13.958,1452.31354765263,0.521,62.6047,5.046,3063.860351
Haití,2014,-31416.0,13.96,1454.64917470105,0.525,62.9875,5.148,3076.331787
Haití,2015,-32698.0,13.888,1405.71478574853,0.529,63.2372,5.25,3110.377887
Haití,2016,-33902.0,13.852,1313.18609516523,0.532,63.3922,5.326,3126.953431
Haití,2017,-34766.0,13.786,1389.35862300356,0.539,63.8538,5.402,3165.56974
Haití,2018,-35007.0,13.755,1489.57840618445,0.541,64.0188,5.478,3174.807694
Haití,2019,-34635.0,13.781,1345.47505482083,0.543,64.2546,5.554,3083.646932
Haití,2020,-33872.0,15.085,1283.14122784667,0.54,64.0518,5.554,2939.863103
Haití,2021,-32977.0,15.017,1823.74222440796,0.535,63.1924,5.554,2847.500746
Jamaica,1990,-26080.0,,1919.79535653497,0.659,72.3041,6.683423858,8141.983321
Jamaica,1991,-24007.0,7.188,1702.50169228049,0.662,72.1862,6.766069889,8467.927768
Jamaica,1992,-22430.0,7.204,1452.18838688296,0.663,72.1885,6.849737906,8557.333461
Jamaica,1993,-21726.0,7.058,2212.25641148563,0.667,71.9215,6.933405924,9274.49058
Jamaica,1994,-20957.0,7.153,2194.91119897703,0.668,71.7391,7.017073941,9311.131293
Jamaica,1995,-20084.0,7.106,2621.18199502213,0.669,71.5487,7.100741959,9437.174772
Jamaica,1996,-19290.0,7.113,2919.14776315412,0.669,71.4877,7.184409976,9334.610038
Jamaica,1997,-18758.0,7.095,3287.74678629637,0.668,71.2066,7.268077993,9137.857221
Jamaica,1998,-18619.0,7.08,3410.42776005243,0.666,70.9904,7.351746011,8839.144995
Jamaica,1999,-18545.0,6.993,3423.00864325618,0.667,70.9677,7.435414028,8850.995171
Jamaica,2000,-18500.0,6.959,3447.30389648976,0.664,70.9442,7.519082046,8854.704097
Jamaica,2001,-18461.0,6.915,3502.21311800396,0.673,70.758,7.602750063,8906.665631
Jamaica,2002,-18427.0,6.868,3683.89336307069,0.677,70.8882,7.68641808,9023.370791
Jamaica,2003,-18382.0,6.804,3557.20060626159,0.671,70.8062,7.770086098,9296.902833
Jamaica,2004,-18261.0,6.8,3819.28423090316,0.687,70.8603,7.853754115,9366.114041
Jamaica,2005,-18072.0,6.767,4200.38895819768,0.69,71.0438,7.937422132,9398.15417
Jamaica,2006,-17846.0,6.698,4435.57147498821,0.694,71.1993,8.02109015,9620.011561
Jamaica,2007,-17588.0,6.679,4738.44978809237,0.697,71.4179,8.104758167,9709.069035
Jamaica,2008,-17188.0,6.67,5056.25800784386,0.7,71.6122,8.188426185,9707.006967
Jamaica,2009,-15946.0,7.31,4452.12080841227,0.7,72.1238,8.272094202,9107.809893
Jamaica,2010,-14244.0,7.63,4835.79106820501,0.704,72.6219,8.355762219,9089.00397
Jamaica,2011,-12578.0,8.03,5259.93174059193,0.709,73.0942,8.439430237,9215.326794
Jamaica,2012,-11494.0,8.69,5365.24214861104,0.713,73.4335,8.525680986,9306.382492
Jamaica,2013,-11329.0,9.7,5143.72217220643,0.714,73.4119,8.612813215,9213.48975
Jamaica,2014,-11329.0,9.05,4991.56426734718,0.714,72.982,8.700835933,9242.289334
Jamaica,2015,-11329.0,8.842,5077.55163565712,0.713,72.394,8.789758241,9184.322717
Jamaica,2016,-11329.0,8.63,5022.70332766053,0.712,72.0198,8.879589332,9152.259979
Jamaica,2017,-11329.0,7.4,5273.14892328505,0.715,71.9114,8.970338495,9327.09002
Jamaica,2018,-11329.0,5.47,5594.49310704577,0.716,71.793,9.062015112,9365.908524
Jamaica,2019,-11329.0,4.99,5626.17040261069,0.719,71.767,9.154628661,9503.655135
Jamaica,2020,0.0,6.5,4897.26477019956,0.713,71.8686,9.154628661,8474.815687
Jamaica,2021,-5664.0,6.011,5183.58110028848,0.709,70.5003,9.154628661,8834.47567
Santa Lucía,1990,-1211.0,,4073.26462659876,0.69,70.3261,6.565525952,10542.20907
Santa Lucía,1991,-1072.0,16.934,4253.91426860914,0.691,70.6019,6.654469967,10403.95061
Santa Lucía,1992,-737.0,16.756,4603.70218599969,0.695,70.799,6.744618918,11138.02825
Santa Lucía,1993,-905.0,16.8,4608.5993123242,0.695,71.1142,6.834767869,10916.08186
Santa Lucía,1994,-1001.0,17.0,4740.29598437646,0.695,70.9915,6.92491682,11018.15952
Santa Lucía,1995,-1071.0,15.83,5008.02743037626,0.694,71.0024,7.01506577,10928.22021
Santa Lucía,1996,-1077.0,16.33,5123.68651409627,0.696,70.9038,7.105214721,11544.87993
Santa Lucía,1997,-1013.0,20.47,5184.33701240191,0.695,70.7747,7.195363672,11316.10732
Santa Lucía,1998,-878.0,21.6,5593.74841355014,0.697,70.6904,7.285512623,11923.83887
Santa Lucía,1999,-621.0,18.09,5825.06730772831,0.698,70.7094,7.375661574,12232.4876
Santa Lucía,2000,-773.0,16.49,5846.97550214791,0.698,70.7678,7.465810525,12081.4834
Santa Lucía,2001,-556.0,18.515,5558.06937116326,0.697,71.1345,7.555959476,11485.6162
Santa Lucía,2002,-240.0,20.39,5562.45712272635,0.699,71.472,7.646108427,11624.43831
Santa Lucía,2003,-182.0,22.18,6055.96795652424,0.701,71.7707,7.736257377,11867.63418
Santa Lucía,2004,-118.0,20.97,6494.60034867886,0.704,72.0276,7.826406328,12419.83475
Santa Lucía,2005,-88.0,18.7,6866.09238723686,0.709,72.2445,7.916555279,12261.15077
Santa Lucía,2006,-78.0,16.0,7618.90541950613,0.718,72.4654,8.00670423,13213.61333
Santa Lucía,2007,-27.0,14.0,7975.79254059155,0.718,72.5985,8.096853181,13176.60524
Santa Lucía,2008,59.0,12.72,8528.68208470429,0.723,72.6977,8.187002132,13611.25403
Santa Lucía,2009,200.0,15.37,8259.32233799025,0.725,72.7222,8.277151083,13541.96931
Santa Lucía,2010,438.0,17.111,8672.12899856887,0.728,72.7196,8.367300034,13547.06624
Santa Lucía,2011,181.0,18.86,9110.75181022028,0.734,72.944,8.363389969,14251.38425
Santa Lucía,2012,11.0,19.06,9231.6618274891,0.734,72.8821,8.359479904,13999.38477
Santa Lucía,2013,0.0,22.21,9542.71357425779,0.734,72.7353,8.355569839,13695.79921
Santa Lucía,2014,0.0,21.303,10007.1868852904,0.735,72.8638,8.387148221,13276.47931
Santa Lucía,2015,0.0,20.556,10290.3504792779,0.737,73.1381,8.418726603,12895.19596
Santa Lucía,2016,0.0,19.659,10574.3025992667,0.744,73.1116,8.450304985,13610.78582
Santa Lucía,2017,0.0,18.86,11270.4328991025,0.744,73.1275,8.481883367,14130.1393
Santa Lucía,2018,0.0,19.08,11563.8720659858,0.746,73.3569,8.513461749,14453.44581
Santa Lucía,2019,0.0,15.32,11726.6771483578,0.735,73.4449,8.545040131,14380.56973
Santa Lucía,2020,0.0,20.39,8458.07506262658,0.723,73.416,8.545040131,11353.06871
Santa Lucía,2021,0.0,19.52,9414.13774072652,0.715,71.1114,8.545040131,12048.30381
México,1990,-286584.0,,3196.91987187933,0.662,69.9707,5.953360081,14478.93425
México,1991,-319832.0,3.15,3756.85259707081,0.664,70.2977,6.024422073,14895.23039
México,1992,-298907.0,3.24,4272.78826577319,0.667,70.6161,6.095484066,15159.62013
México,1993,-316437.0,3.37,5778.90780858359,0.669,70.9423,6.166546059,15226.64346
México,1994,-276896.0,4.44,5976.49407452681,0.674,71.2787,6.237608051,15693.75777
México,1995,-313979.0,7.1,4002.15871829748,0.674,71.6457,6.308670044,14266.22566
México,1996,-320872.0,5.47,4487.26319003077,0.681,72.0369,6.379732037,15045.65751
México,1997,-312542.0,4.24,5370.24463838388,0.688,72.4454,6.450794029,15959.72196
México,1998,-302976.0,3.73,5555.71185686976,0.696,72.8448,6.521856022,16530.8313
México,1999,-335401.0,2.6,6230.69720074254,0.702,73.2249,6.592918015,16797.98889
México,2000,-356430.0,2.65,7232.91068093609,0.709,73.5692,6.663980007,17380.34283
México,2001,-348349.0,2.63,7613.14297753247,0.712,73.8668,6.819949985,17117.46397
México,2002,-324106.0,3.0,7650.93186425866,0.719,74.1059,6.975919962,16899.50116
México,2003,-332396.0,3.46,7120.37212084792,0.725,74.2743,7.131889939,16906.56362
México,2004,-270797.0,3.94,7525.4874609367,0.73,74.372,7.287859917,17372.44081
México,2005,-318048.0,3.56,8321.85985639121,0.733,74.3765,7.48514986,17414.40728
México,2006,-312270.0,3.57,9125.3877388645,0.741,74.3313,7.871600151,18033.14918
México,2007,-309663.0,3.63,9719.9278639964,0.743,74.2384,7.882470131,18145.5403
México,2008,-321847.0,3.87,10119.8210567984,0.745,74.1524,7.948890209,18132.72339
México,2009,-289132.0,5.36,8104.92257319862,0.745,74.119,8.136670113,16875.67194
México,2010,-41156.0,5.3,9399.96470859669,0.746,74.1901,8.005069733,17575.83104
México,2011,4184.0,5.17,10341.5002378026,0.752,74.3651,8.247494698,17892.18263
México,2012,-48160.0,4.89,10376.0904951074,0.76,74.574,8.489919662,18233.04546
México,2013,-101719.0,4.91,10865.6872912453,0.76,74.7391,8.357230186,18061.00979
México,2014,-100413.0,4.81,11076.1341141975,0.764,74.7974,8.403470039,18423.54338
México,2015,-82173.0,4.31,9753.40056232226,0.768,74.6822,8.601650238,18777.73886
México,2016,33094.0,3.86,8875.08206876137,0.772,74.4122,8.599900246,19021.831
México,2017,-12438.0,3.42,9434.37817948243,0.775,74.1378,8.742489815,19209.21915
México,2018,-99430.0,3.27,9857.00748742213,0.777,74.0146,8.933190346,19385.89225
México,2019,-47764.0,3.48,10145.1526279593,0.779,74.2021,9.077120304,19096.57525
México,2020,-9949.0,4.45,8654.99732516958,0.756,70.1328,9.221050262,17234.78062
México,2021,-52649.0,4.09,10045.676371041,0.758,70.2127,9.221050262,17896.29498
Nicaragua,1990,-24283.0,,238.765007996396,0.49,63.0963,4.09,3020.293253
Nicaragua,1991,-24030.0,7.034,344.050079324801,0.5,63.9307,4.184,2951.069028
Nicaragua,1992,-24173.0,7.069,404.953771843515,0.505,64.2657,4.278,2953.98042
Nicaragua,1993,-24094.0,7.134,388.021851813989,0.508,64.6846,4.372,2826.253801
Nicaragua,1994,-24774.0,7.106,835.236315157984,0.513,65.1813,4.466,2824.761712
Nicaragua,1995,-25888.0,7.102,876.859859603988,0.522,65.6078,4.56,3054.837098
Nicaragua,1996,-35212.0,7.141,895.262230933856,0.532,66.0519,4.664,3251.105546
Nicaragua,1997,-36845.0,7.24,896.651839818152,0.542,66.515,4.768,3380.993695
Nicaragua,1998,-38264.0,7.296,931.795913449482,0.544,65.2092,4.872,3528.429325
Nicaragua,1999,-40098.0,7.278,961.551521577843,0.559,67.1202,4.976,3717.890763
Nicaragua,2000,-42092.0,7.394,996.89785199474,0.566,67.2335,5.08,3818.334731
Nicaragua,2001,-43839.0,7.474,1025.10850978461,0.571,67.2145,5.156,3850.373703
Nicaragua,2002,-44899.0,7.58,993.38411432576,0.575,67.1799,5.232,3849.814885
Nicaragua,2003,-44933.0,7.6,999.885953957977,0.578,67.2174,5.308,3904.550184
Nicaragua,2004,-44221.0,6.41,1075.99856237763,0.582,67.4233,5.384,4076.770459
Nicaragua,2005,-33283.0,5.37,1158.88132263158,0.588,67.9359,5.46,4237.153806
Nicaragua,2006,-32274.0,5.31,1223.08314801605,0.593,68.7246,5.568,4320.551335
Nicaragua,2007,-31360.0,4.89,1323.8390540045,0.599,69.5595,5.676,4503.25909
Nicaragua,2008,-30675.0,6.2,1493.90482138796,0.605,70.5863,5.784,4595.485975
Nicaragua,2009,-29914.0,8.16,1438.096625196,0.606,71.4328,5.892,4359.468616
Nicaragua,2010,-29081.0,7.83,1495.73377659921,0.614,72.009,6.0,4501.692155
Nicaragua,2011,-28224.0,6.499,1644.80150938502,0.622,72.4162,6.136,4724.374635
Nicaragua,2012,-27388.0,5.21,1746.42128913138,0.629,72.6148,6.272,4901.973689
Nicaragua,2013,-26589.0,5.28,1794.78256608089,0.634,72.7044,6.408,5028.767816
Nicaragua,2014,-25571.0,4.52,1913.52132128269,0.641,72.8121,6.544,5257.845956
Nicaragua,2015,-24359.0,4.7,2025.32726145896,0.647,72.983,6.68,5425.088815
Nicaragua,2016,-23081.0,3.9,2079.44552907512,0.653,73.2562,6.796,5535.711714
Nicaragua,2017,-21841.0,3.3,2127.27765860035,0.659,73.5536,6.912,5694.054636
Nicaragua,2018,-20739.0,5.2,1981.86316786346,0.662,73.8497,7.028,5452.437413
Nicaragua,2019,-19733.0,5.202,1905.63831305189,0.664,74.0543,7.144,5262.435225
Nicaragua,2020,-10384.0,5.937,1876.60737169569,0.654,71.7954,7.144,5137.138341
Nicaragua,2021,-10384.0,5.932,2064.92511550317,0.667,73.8368,7.144,5624.793595
Panamá,1990,-854.0,,2626.14328023876,0.669,71.0972,7.407239914,10345.7302
Panamá,1991,-305.0,6.064,2827.55838826176,0.672,71.2068,7.454354906,10835.33289
Panamá,1992,182.0,6.085,3148.44753055729,0.678,71.4617,7.501469898,11607.9439
Panamá,1993,560.0,6.123,3368.20278742197,0.685,71.8,7.54858489,12213.17156
Panamá,1994,899.0,6.11,3518.953402082,0.687,72.0955,7.595699883,12422.53556
Panamá,1995,1221.0,6.062,3524.8812713383,0.69,72.3847,7.642814875,12073.57371
Panamá,1996,1533.0,6.038,3561.29045759029,0.697,72.6753,7.689929867,12624.24466
Panamá,1997,1820.0,6.016,3775.57153627026,0.703,72.9702,7.737044859,12991.95048
Panamá,1998,2084.0,6.029,4012.05416513441,0.71,73.2792,7.784159851,13561.54747
Panamá,1999,2341.0,6.067,4121.56221968523,0.715,73.6216,7.831274843,13641.53182
Panamá,2000,2602.0,6.051,4099.00653989315,0.721,74.0015,7.878389835,13916.19982
Panamá,2001,2856.0,6.042,4084.2585357057,0.726,74.4144,8.018189859,13697.412
Panamá,2002,3099.0,5.995,4163.52195937827,0.733,74.8238,8.157989883,14112.94023
Panamá,2003,3352.0,6.007,4304.10697986678,0.737,75.2175,8.297789907,13830.48774
Panamá,2004,3596.0,5.939,4629.02931602921,0.743,75.5444,8.437589931,14485.08764
Panamá,2005,3843.0,5.949,4953.12997978141,0.749,75.8285,8.577389956,15160.22658
Panamá,2006,4087.0,5.864,5385.56424337546,0.754,76.0123,8.71718998,16175.33969
Panamá,2007,4330.0,5.844,6205.82157550354,0.763,76.154,8.856990004,18076.96739
Panamá,2008,4568.0,5.908,7197.11078610101,0.767,76.2247,8.996790028,19490.87979
Panamá,2009,4765.0,6.011,7618.43845900774,0.769,76.3429,9.136590052,19485.59856
Panamá,2010,4953.0,5.875,8124.55830734871,0.773,76.4479,9.276390076,19709.25201
Panamá,2011,5167.0,4.05,9403.43990821634,0.779,76.6269,9.416856766,22130.70521
Panamá,2012,5447.0,3.717,10767.2931788172,0.785,76.8185,9.557323456,23552.35182
Panamá,2013,5926.0,3.703,11932.2862205866,0.79,77.0378,9.697790146,24829.3662
Panamá,2014,7105.0,4.419,12837.2479584282,0.794,77.2478,9.838256836,24968.40656
Panamá,2015,8648.0,4.368,13669.5594424097,0.8,77.4684,9.978723526,26599.68394
Panamá,2016,10109.0,4.759,14382.2323819969,0.805,77.6529,10.11919022,27197.93332
Panamá,2017,11059.0,5.392,15185.9724813803,0.811,77.7954,10.25965691,28606.48873
Panamá,2018,11130.0,5.218,16156.0742942819,0.814,77.8629,10.4001236,28869.22802
Panamá,2019,10623.0,6.33,16472.8317548406,0.817,77.8103,10.54059029,29342.25437
Panamá,2020,5473.0,14.114,13293.3332050433,0.801,76.657,10.54059029,23694.26665
Panamá,2021,5473.0,10.301,15491.2897902482,0.805,76.2233,10.54059029,26956.83707
Perú,1990,-35982.0,,1194.54830200693,0.621,65.1059,7.781378166,4943.405647
Perú,1991,-61663.0,4.652,1520.67736235824,0.625,65.4342,7.838587107,5137.237402
Perú,1992,-51779.0,4.8,1560.54650443571,0.625,66.1489,7.896216649,4990.049823
Perú,1993,-51720.0,4.578,1481.34098915924,0.629,66.6814,7.954269886,5133.395794
Perú,1994,-39297.0,4.324,1871.3921088991,0.639,67.2268,8.012749932,5629.329259
Perú,1995,-46443.0,4.544,2180.56663897168,0.647,67.6445,8.071229978,5912.585584
Perú,1996,-38694.0,4.769,2218.32174731966,0.651,68.1474,8.129710024,6041.510865
Perú,1997,-32467.0,4.64,2292.39651714831,0.656,68.6052,8.18819007,6334.454835
Perú,1998,-35941.0,4.975,2149.70106301576,0.664,69.082,8.246670116,6260.683714
Perú,1999,-60881.0,4.92,1911.73501688306,0.673,69.7427,8.305150162,6251.097403
Perú,2000,-94554.0,4.898,1941.318259717,0.676,70.424,8.363630208,6297.773346
Perú,2001,-128827.0,5.027,1925.97942030475,0.684,71.0409,8.422110254,6293.027047
Perú,2002,-157162.0,4.84,2003.97108061855,0.685,71.6608,8.4805903,6529.782834
Perú,2003,-181202.0,4.15,2126.13782387391,0.684,72.2166,8.539070346,6672.764496
Perú,2004,-194133.0,4.71,2393.66589710452,0.69,72.668,8.597550392,6813.762314
Perú,2005,-221582.0,4.87,2702.23770075461,0.686,72.9858,7.924409866,7094.575199
Perú,2006,-231739.0,4.17,3123.32015935927,0.691,73.1721,7.928460121,7385.388794
Perú,2007,-236705.0,4.08,3572.36358879114,0.7,73.2227,8.18680954,7970.525079
Perú,2008,-235263.0,4.03,4184.88598248749,0.708,73.3772,8.187299728,8722.217969
Perú,2009,-219304.0,3.96,4164.97048299155,0.711,73.4661,8.217120171,8806.392101
Perú,2010,-181284.0,3.6,5047.2046433225,0.725,73.7106,8.865139961,9317.266284
Perú,2011,-148270.0,3.48,5826.83230656078,0.732,74.1327,8.887160301,9796.887413
Perú,2012,-118758.0,3.24,6475.71941703429,0.742,74.544,9.082159996,10448.87879
Perú,2013,-95149.0,3.57,6697.18768268879,0.75,74.9668,9.136059761,11112.59152
Perú,2014,-50381.0,3.21,6614.83049889676,0.755,75.3334,9.151889801,11339.08417
Perú,2015,2462.0,3.27,6180.11879937394,0.759,75.6206,9.094240189,11705.74373
Perú,2016,80725.0,3.74,6163.86117862599,0.765,75.789,9.314760208,11899.5399
Perú,2017,104242.0,3.69,6676.3077877014,0.77,75.879,9.535280228,11931.12893
Perú,2018,326831.0,3.49,6912.10462268352,0.776,76.0089,9.755800247,12142.66015
Perú,2019,136558.0,3.38,6955.88176963678,0.78,76.1559,9.885518863,12303.68873
Perú,2020,79456.0,7.18,6063.62657980167,0.762,73.6655,9.885518863,10916.70628
Perú,2021,68012.0,5.1,6635.46392344859,0.762,72.3769,9.885518863,12245.89366
Paraguay,1990,-4689.0,,1431.83920038625,0.595,67.9441,5.684462242,8212.272417
Paraguay,1991,-5420.0,5.1,1675.7136434161,0.6,68.1729,5.782122307,8132.944682
Paraguay,1992,-6032.0,4.98,1673.44837156734,0.605,68.3952,5.88146019,7980.975906
Paraguay,1993,-6432.0,5.06,1652.8043214394,0.612,68.6334,5.982504715,8120.487152
Paraguay,1994,-6996.0,4.41,1750.93547791783,0.617,68.8237,6.083549239,8187.072941
Paraguay,1995,-7653.0,3.4,1968.35248659417,0.623,69.0092,6.184593764,8360.485898
Paraguay,1996,-8273.0,8.15,2077.4848286906,0.632,69.2017,6.285638289,8800.24637
Paraguay,1997,-8707.0,5.36,2068.20837812986,0.638,69.3249,6.386682814,8673.80132
Paraguay,1998,-9279.0,4.42,1880.89316502001,0.644,69.4779,6.487727339,8479.868689
Paraguay,1999,-11357.0,5.34,1758.26019288757,0.649,69.6342,6.588771863,8170.28664
Paraguay,2000,-15880.0,7.61,1728.34074341006,0.649,69.7502,6.689816388,7479.681232
Paraguay,2001,-27672.0,6.21,1630.1908460827,0.655,69.8997,6.790860913,7372.0369
Paraguay,2002,-36917.0,9.39,1361.24928059287,0.662,70.025,6.891905438,7400.037724
Paraguay,2003,-39940.0,6.81,1436.76490433294,0.655,70.297,6.992949963,6982.835568
Paraguay,2004,-40910.0,6.51,1776.93225816866,0.662,70.4809,7.170140028,7313.92887
Paraguay,2005,-42163.0,4.82,1960.51476554933,0.664,70.5269,7.347330093,7430.442505
Paraguay,2006,-44565.0,5.28,2426.41709770871,0.664,70.7809,7.069910049,7967.30967
Paraguay,2007,-45914.0,4.71,3194.26298162817,0.669,71.1061,7.153329849,8677.024029
Paraguay,2008,-44677.0,4.42,4360.42910071309,0.679,71.3838,7.389259815,9225.986476
Paraguay,2009,-40108.0,5.46,3920.18607347104,0.677,71.6345,6.974229813,9041.02233
Paraguay,2010,-26173.0,4.57,4702.91576988272,0.685,71.8872,7.241386573,9908.752523
Paraguay,2011,-20435.0,4.67,5772.99550988836,0.696,72.1314,7.508543332,10334.62582
Paraguay,2012,-17761.0,4.09,5621.24402638513,0.702,72.4536,7.775700092,10038.18831
Paraguay,2013,-17238.0,4.38,6435.82655022784,0.715,72.7568,8.290029526,10762.37759
Paraguay,2014,-16990.0,5.03,6629.4265185753,0.716,72.8777,8.247850418,11221.46549
Paraguay,2015,-16833.0,4.56,5861.38972416093,0.723,73.1905,8.524069786,11388.39108
Paraguay,2016,-16734.0,5.25,5759.01833315657,0.721,73.5336,8.351449966,11681.90319
Paraguay,2017,-16628.0,4.61,6136.05835430284,0.724,73.6436,8.468514919,12174.12219
Paraguay,2018,-16470.0,6.22,6242.96150239538,0.727,73.5676,8.585579872,12402.40912
Paraguay,2019,-16270.0,6.59,5807.83881414187,0.732,73.6207,8.810709953,12241.66584
Paraguay,2020,-8230.0,7.55,5353.34804464198,0.73,73.1816,8.861840248,12015.54396
Paraguay,2021,-8230.0,7.31,5959.44176327886,0.717,70.2617,8.861840248,12349.286
El Salvador,1990,-39690.0,,897.59298208612,0.525,62.5504,3.729339234,5142.350799
El Salvador,1991,-50621.0,7.53,961.778992029035,0.536,63.8556,3.847328115,5172.174624
El Salvador,1992,-48228.0,7.88,1047.04315726038,0.548,64.6574,3.969049931,5496.950396
El Salvador,1993,-76214.0,9.94,1186.34072499191,0.558,65.2351,4.094622782,5736.352952
El Salvador,1994,-82069.0,7.68,1348.90791173359,0.568,65.8384,4.220195634,5955.639848
El Salvador,1995,-89307.0,7.65,1552.13020783046,0.578,66.3297,4.345768486,6195.885277
El Salvador,1996,-92279.0,7.68,1653.63054885685,0.587,67.0758,4.471341337,6165.814936
El Salvador,1997,-93078.0,7.98,1749.50183461649,0.597,67.8953,4.596914189,6250.464489
El Salvador,1998,-97089.0,7.1,1858.37139425221,0.605,68.4785,4.722487041,6365.961908
El Salvador,1999,-98364.0,7.3,1904.87490234395,0.609,69.3793,4.848059893,6378.980593
El Salvador,2000,-97219.0,6.96,1977.84061443838,0.617,69.8647,4.973632744,6432.215581
El Salvador,2001,-93347.0,6.96,2051.15877420114,0.619,69.5982,5.099205596,6443.979106
El Salvador,2002,-92034.0,6.2,2106.73946874831,0.626,70.2324,5.224778448,6478.709785
El Salvador,2003,-91736.0,6.9,2197.48200095937,0.631,70.1401,5.3503513,6499.706918
El Salvador,2004,-89193.0,6.8,2273.95550275819,0.636,70.3402,5.475924151,6517.95534
El Salvador,2005,-91042.0,7.22,2434.32353117029,0.641,70.4403,5.601497003,6662.02182
El Salvador,2006,-89964.0,6.57,2651.43088765876,0.646,70.7732,5.727069855,6967.812746
El Salvador,2007,-56863.0,6.41,2814.58988893523,0.651,71.1081,5.526669979,7072.6786
El Salvador,2008,-56087.0,5.88,2964.172140237,0.653,71.4236,6.029550076,7238.858093
El Salvador,2009,-55962.0,7.33,2889.68588721937,0.653,71.5756,6.130139828,6984.857474
El Salvador,2010,-54686.0,4.89,3017.3073947577,0.659,71.8478,6.339930058,7122.917511
El Salvador,2011,-53440.0,4.3,3304.97418347889,0.661,71.8589,6.209420204,7355.606685
El Salvador,2012,-50554.0,3.84,3471.05126865498,0.664,71.8313,6.366330147,7447.703934
El Salvador,2013,-49086.0,3.69,3555.16209958481,0.667,71.7711,6.434329987,7541.352768
El Salvador,2014,-49130.0,4.15,3638.51765819162,0.666,71.7464,6.528739929,7634.715924
El Salvador,2015,-51282.0,4.0,3761.51368000275,0.668,71.8143,6.623149872,7765.297992
El Salvador,2016,-47499.0,4.42,3870.31298246063,0.671,72.0248,6.717559814,7879.035883
El Salvador,2017,-50616.0,4.39,3986.04901435439,0.674,72.3108,6.825099945,7984.420771
El Salvador,2018,-54158.0,4.01,4145.86235103186,0.68,72.5546,6.968569994,8136.126957
El Salvador,2019,-55143.0,4.17,4280.28840404719,0.683,72.5586,7.112040043,8338.88639
El Salvador,2020,-25214.0,5.02,3961.72663347599,0.672,71.0609,7.150929928,7558.531908
El Salvador,2021,-27343.0,4.35,4664.31122268385,0.675,70.7479,7.150929928,8295.665889
Trinidad y Tobago,1990,-7878.0,,4001.52228393122,0.66,68.272,7.252180099,10497.63719
Trinidad y Tobago,1991,-7149.0,18.52,4159.07072923949,0.665,68.8595,7.421411779,10649.47368
Trinidad y Tobago,1992,-6650.0,19.66,4231.46206009518,0.663,68.3914,7.590643459,10420.72124
Trinidad y Tobago,1993,-6554.0,19.81,3608.64393343467,0.667,68.8113,7.759875139,10300.6617
Trinidad y Tobago,1994,-6615.0,18.44,3801.45083490484,0.67,68.5109,7.929106818,10468.88734
Trinidad y Tobago,1995,-6723.0,17.22,4074.88014159856,0.678,69.17,8.098338498,10801.6479
Trinidad y Tobago,1996,-6827.0,16.25,4385.12364988723,0.684,69.0086,8.267570178,11548.07879
Trinidad y Tobago,1997,-6865.0,15.01,4352.82768105895,0.69,68.719,8.436801857,12703.82988
Trinidad y Tobago,1998,-6730.0,14.21,4569.64697075733,0.7,69.1599,8.606033537,13903.94721
Trinidad y Tobago,1999,-6103.0,13.12,5130.86607098351,0.703,68.3771,8.775265217,14958.86422
Trinidad y Tobago,2000,-5185.0,12.1,6120.94594259561,0.712,69.1022,8.944496897,15643.28331
Trinidad y Tobago,2001,-4252.0,10.88,6592.75901987842,0.721,69.6462,9.113728576,16521.25119
Trinidad y Tobago,2002,-3613.0,10.39,6692.82220628407,0.732,70.4878,9.282960256,17901.96486
Trinidad y Tobago,2003,-3472.0,10.48,8352.46315761855,0.737,69.729,9.452191936,20236.02008
Trinidad y Tobago,2004,-3504.0,8.33,9756.51327851947,0.752,71.0756,9.621423615,22429.82542
Trinidad y Tobago,2005,-3595.0,7.95,11673.8587533304,0.758,71.3077,9.790655295,23278.47647
Trinidad y Tobago,2006,-3684.0,6.27,13340.916273498,0.767,71.256,9.959886975,26206.36859
Trinidad y Tobago,2007,-3731.0,5.54,15627.2868179082,0.773,71.6523,10.12911865,26458.12469
Trinidad y Tobago,2008,-3624.0,4.63,20011.1482740497,0.777,71.4697,10.29835033,26585.5194
Trinidad y Tobago,2009,-3056.0,5.28,13682.76361003,0.787,73.126,10.30049992,26620.88515
Trinidad y Tobago,2010,-2230.0,4.03,15711.5381692036,0.79,72.7254,10.47030973,27481.11974
Trinidad y Tobago,2011,-1410.0,3.43,17910.317182181,0.794,73.2779,10.64011955,25456.22639
Trinidad y Tobago,2012,-880.0,3.72,18961.2335898402,0.8,73.7159,10.75685069,26253.28163
Trinidad y Tobago,2013,-796.0,2.68,19821.528649641,0.806,73.9623,10.87486246,27593.19075
Trinidad y Tobago,2014,-799.0,2.48,20327.9834550529,0.809,74.2152,10.99416892,27041.19649
Trinidad y Tobago,2015,-583.0,2.43,18389.5310289802,0.816,74.5032,11.11478428,28684.3759
Trinidad y Tobago,2016,-103.0,3.21,15991.1087914364,0.815,74.281,11.23672288,26827.84272
Trinidad y Tobago,2017,1446.0,3.309,16094.6667788294,0.817,74.2301,11.35999926,26543.37527
Trinidad y Tobago,2018,35502.0,3.405,16164.1613344567,0.815,73.8018,11.48462809,25315.95987
Trinidad y Tobago,2019,-19248.0,3.52,15690.9630952205,0.821,74.2279,11.61062419,25722.49253
Trinidad y Tobago,2020,2370.0,4.21,13871.7982158614,0.818,74.4056,11.61062419,23748.77675
Trinidad y Tobago,2021,2632.0,4.45,16032.502767725,0.81,72.9709,11.61062419,23392.02084
Uruguay,1990,-7498.0,,2983.24373634077,0.701,73.1617,7.151282631,10699.72084
Uruguay,1991,-7720.0,8.95,3574.11103095257,0.705,73.3051,7.189396058,11130.23386
Uruguay,1992,-7856.0,8.96,4083.46372168049,0.708,73.4412,7.227509486,11984.48622
Uruguay,1993,-7917.0,8.35,4729.92903911921,0.711,73.579,7.265622914,12230.23593
Uruguay,1994,-7951.0,9.04,5478.02236424802,0.716,73.7276,7.303736342,12993.59291
Uruguay,1995,-8333.0,10.02,6014.91852275368,0.717,73.896,7.341849769,12746.59981
Uruguay,1996,-7396.0,11.93,6358.16259728164,0.723,74.0876,7.466219902,13386.57815
Uruguay,1997,-6937.0,11.44,7386.51116129484,0.735,74.298,7.67811421,14520.43184
Uruguay,1998,-7043.0,9.36,7780.67859659831,0.744,74.5267,7.890008518,15075.17988
Uruguay,1999,-7439.0,10.47,7314.49095052925,0.747,74.7695,8.101902825,14797.83113
Uruguay,2000,-11074.0,12.63,6932.47832494715,0.753,75.0247,8.313797133,14447.51049
Uruguay,2001,-14628.0,15.05,6331.15676032344,0.76,75.2851,8.525691441,13863.30468
Uruguay,2002,-16958.0,16.65,4115.15461366223,0.764,75.5399,8.737585749,12897.16027
Uruguay,2003,-17099.0,16.66,3638.94354770831,0.77,75.7851,8.949480057,12446.62399
Uruguay,2004,-15661.0,12.98,4130.1001146777,0.77,76.0069,8.631463369,13048.45186
Uruguay,2005,-16092.0,12.01,5233.45717058668,0.768,76.1935,8.313446681,14226.02679
Uruguay,2006,-13159.0,10.84,5942.1266667126,0.768,76.3615,7.995429993,14884.97098
Uruguay,2007,-10752.0,9.4,7149.37463386796,0.771,76.4981,8.183539867,15828.80644
Uruguay,2008,-9460.0,8.03,9328.06585662206,0.774,76.623,8.371649742,16795.81997
Uruguay,2009,-8510.0,7.74,9780.73947340076,0.78,76.7384,8.372019768,17404.48653
Uruguay,2010,-7696.0,7.16,12512.5941268441,0.787,76.858,8.327150345,18614.31477
Uruguay,2011,-6982.0,6.31,14975.5625602187,0.794,76.9833,8.404020309,19578.65067
Uruguay,2012,-6318.0,6.45,16087.2520777973,0.798,77.111,8.478859901,19381.35212
Uruguay,2013,-5655.0,6.44,18140.8919180672,0.805,77.24,8.523880005,20666.30667
Uruguay,2014,-4914.0,6.55,18131.5788465661,0.808,77.3663,8.613840103,21004.10273
Uruguay,2015,-4156.0,7.49,16950.7533762432,0.811,77.4827,8.669449806,21439.38802
Uruguay,2016,-3506.0,7.84,16837.9403803049,0.815,77.5707,8.70388031,21673.66035
Uruguay,2017,-3090.0,7.89,18995.3970195554,0.819,77.6247,8.831359863,21733.37205
Uruguay,2018,-2963.0,8.34,19026.04961089,0.819,77.611,8.906729698,21730.72567
Uruguay,2019,-2902.0,8.73,18098.361548609,0.821,77.5085,8.982549667,21916.76822
Uruguay,2020,-1486.0,10.33,15650.4994274155,0.821,78.4298,8.982549667,20441.92913
Uruguay,2021,-1486.0,9.29,17923.9953327961,0.809,75.4356,8.982549667,21268.88122
Estados Unidos,1990,1421775.0,,23888.6000088133,0.872,75.3699,12.98377037,39472.3021
Estados Unidos,1991,1569223.0,6.8,24342.2589048189,0.873,75.5227,13.03085279,38997.77919
Estados Unidos,1992,1816509.0,7.5,25418.9907763319,0.878,75.7776,13.07793522,39677.08666
Estados Unidos,1993,1752153.0,6.9,26387.2937338171,0.88,75.567,13.12501764,40069.43868
Estados Unidos,1994,1806698.0,6.12,27694.853416234,0.884,75.7377,13.17210007,41280.44005
Estados Unidos,1995,1678815.0,5.65,28690.8757013347,0.885,75.8536,13.13735104,42183.13373
Estados Unidos,1996,1771618.0,5.45,29967.7127181749,0.887,76.1753,13.10260201,43533.95344
Estados Unidos,1997,1866819.0,5.0,31459.1389804773,0.89,76.498,13.06785297,45256.99435
Estados Unidos,1998,1799996.0,4.51,32853.6769523009,0.893,76.66,13.03310394,47253.20126
Estados Unidos,1999,1667953.0,4.22,34515.3902272076,0.889,76.6718,12.99835491,48806.13219
Estados Unidos,2000,1479676.0,3.99,36329.9560727102,0.891,76.8114,12.96360588,50420.86712
Estados Unidos,2001,1335725.0,4.73,37133.623113437,0.892,76.9285,12.92885685,50701.40306
Estados Unidos,2002,1168499.0,5.78,37997.7596573051,0.893,77.0005,12.89410782,50936.99207
Estados Unidos,2003,1074728.0,5.99,39490.2749557007,0.895,77.1536,12.85935879,51602.26263
Estados Unidos,2004,1200409.0,5.53,41724.6316287624,0.898,77.5581,12.82460976,53068.89741
Estados Unidos,2005,1129462.0,5.08,44123.4070679055,0.9,77.5573,12.8275404,54305.12642
Estados Unidos,2006,1113259.0,4.62,46302.0008800056,0.904,77.8386,12.91221046,55681.43355
Estados Unidos,2007,1108509.0,4.62,48050.2237771135,0.906,78.1004,12.95109034,55542.57264
Estados Unidos,2008,1095864.0,5.78,48570.0459804586,0.906,78.1958,12.98997021,54095.39699
Estados Unidos,2009,1031010.0,9.25,47194.9433547336,0.908,78.564,13.00603962,52795.10587
Estados Unidos,2010,1030731.0,9.63,48650.6431283336,0.911,78.7724,13.05183983,54265.33606
Estados Unidos,2011,1322433.0,8.95,50065.9665041742,0.913,78.82,13.10287952,54949.54774
Estados Unidos,2012,1323368.0,8.07,51784.4185738837,0.916,78.9441,13.14148045,56402.58237
Estados Unidos,2013,1320840.0,7.37,53291.1276891406,0.917,78.9507,13.20003033,56904.62415
Estados Unidos,2014,1250914.0,6.17,55123.8497869046,0.919,79.0175,13.22457981,58314.25546
Estados Unidos,2015,1221849.0,5.28,56762.7294515989,0.92,78.8694,13.25187969,59682.8778
Estados Unidos,2016,1449371.0,4.87,57866.7449341091,0.922,78.8482,13.34290981,59969.35653
Estados Unidos,2017,1377630.0,4.36,59907.754260885,0.924,78.8213,13.42226505,61186.46283
Estados Unidos,2018,1200796.0,3.9,62823.309438197,0.927,78.9896,13.50162029,62626.32702
Estados Unidos,2019,1158444.0,3.67,65120.3946628653,0.93,79.138,13.59252501,63614.86366
Estados Unidos,2020,675560.0,8.05,63528.6343027508,0.92,77.4144,13.68342972,61461.64197
Estados Unidos,2021,561580.0,5.35,70219.472454115,0.921,77.1982,13.68342972,64765.21509
Venezuela,1990,-80.0,,2461.03935458171,0.659,71.5319,5.338530064,16424.636
Venezuela,1991,-241.0,9.45,2642.78054146098,0.669,71.8318,5.474361926,17598.569
Venezuela,1992,-388.0,7.69,2918.60744646172,0.675,71.806,5.610193789,18235.914
Venezuela,1993,-487.0,6.6,2835.68756917898,0.676,71.9253,5.746025652,17875.116
Venezuela,1994,-567.0,8.56,2699.46478800824,0.675,71.8529,5.881857514,17071.451
Venezuela,1995,-633.0,10.24,3500.63267700734,0.679,72.1429,6.017689377,17364.324
Venezuela,1996,-717.0,11.77,3125.23778765472,0.679,72.1108,6.15352124,16965.033
Venezuela,1997,-825.0,11.16,3725.98811824077,0.685,72.7029,6.289353102,17681.472
Venezuela,1998,-1013.0,11.15,3886.03925411507,0.686,72.6681,6.425184965,17385.75
Venezuela,1999,-1388.0,14.53,4087.82934763162,0.682,72.2539,6.561016828,16027.197
Venezuela,2000,-2004.0,13.99,4795.63474784068,0.684,72.4775,6.696848691,16072.076
Venezuela,2001,-2852.0,13.04,4940.11390285531,0.689,71.2015,6.832680553,16343.749
Venezuela,2002,-3934.0,16.17,3667.20019363107,0.699,72.6618,6.968512416,14654.607
Venezuela,2003,-5730.0,16.78,3243.36880476351,0.693,71.9402,7.104344279,13301.808
Venezuela,2004,-10798.0,15.07,4287.63157891057,0.707,72.514,7.240176141,15485.932
Venezuela,2005,-18400.0,10.66,5456.32242533255,0.721,72.7825,7.376008004,16817.616
Venezuela,2006,-27239.0,8.61,6769.86841430715,0.732,72.7418,7.511839867,18193.572
Venezuela,2007,-36052.0,7.28,8369.23526829668,0.749,73.0583,7.989500046,19485.41
Venezuela,2008,-43636.0,6.25,11310.7781703527,0.756,72.436,8.13836956,20205.672
Venezuela,2009,-50286.0,6.1,11641.7991472317,0.756,72.5788,8.253210068,19268.248
Venezuela,2010,-52784.0,7.11,13692.9149666211,0.755,72.8901,8.687755108,18702.897
Venezuela,2011,-54377.0,6.9,10877.1123638816,0.762,72.913,9.122300148,19201.512
Venezuela,2012,-55130.0,6.6,12937.9275972349,0.767,73.0364,9.251977682,19990.746
Venezuela,2013,-57815.0,7.54,12433.9807853398,0.774,73.1962,9.381655216,19973.024
Venezuela,2014,-62437.0,6.865,15975.7293753361,0.77,72.8533,9.51133275,18928.272
Venezuela,2015,-77421.0,6.077,,0.767,73.0064,9.641010284,17510.852
Venezuela,2016,-283326.0,5.32,,0.757,72.0578,10.31229973,14482.668
Venezuela,2017,-817764.0,5.05,,0.744,71.943,10.57076027,12321.887
Venezuela,2018,-1356759.0,5.02,,0.738,71.9788,10.8356987,10431.452
Venezuela,2019,-976460.0,5.092,,0.721,72.1614,11.10727736,7045.248
Venezuela,2020,-525142.0,7.53,,0.695,71.0949,11.10727736,4908.065
Venezuela,2021,-525116.0,6.471,,0.691,70.5536,11.10727736,4810.882621
